,,,,,,,,SCA,SCA,SCA Types,SCA Types,SCA Types,SCA Types,SCA Types,SCA Types,GCA,GCA,GCA Types,GCA Types,GCA Types,GCA Types,GCA Types,GCA Types,
Rk,Player,Nation,Pos,Squad,Age,Born,90s,SCA,SCA90,PassLive,PassDead,Drib,Sh,Fld,Def,GCA,GCA90,PassLive,PassDead,Drib,Sh,Fld,Def,Matches
1,Patrick van Aanholt\5f09991f,nl NED,DF,Crystal Palace,29,1990,19.7,26,1.32,22,3,1,0,0,0,3,0.15,2,1,0,0,0,0,Matches
2,Tammy Abraham\f586779e,eng ENG,FW,Chelsea,22,1997,11.6,18,1.56,11,0,1,3,3,0,2,0.17,1,0,0,0,1,0,Matches
3,Che Adams\f2bf1b0f,sct SCO,FW,Southampton,24,1996,29.6,66,2.23,48,0,1,6,8,3,8,0.27,7,0,0,0,1,0,Matches
4,Tosin Adarabioyo\c81d773d,eng ENG,DF,Fulham,22,1997,32.8,17,0.52,16,0,0,1,0,0,1,0.03,1,0,0,0,0,0,Matches
5,Adrián\f76e6b4e,es ESP,GK,Liverpool,33,1987,3.0,0,0.00,0,0,0,0,0,0,0,0.00,0,0,0,0,0,0,Matches
6,Sergio Agüero\4d034881,ar ARG,FWMF,Manchester City,32,1988,6.2,16,2.58,13,0,2,0,0,1,3,0.48,2,0,1,0,0,0,Matches
7,Ola Aina\246d153b,ng NGA,DF,Fulham,23,1996,29.6,26,0.88,22,2,0,0,1,1,4,0.14,4,0,0,0,0,0,Matches
8,Rayan Aït Nouri\9b398aea,fr FRA,DF,Wolves,19,2001,15.6,30,1.92,19,3,7,0,1,0,2,0.13,1,0,1,0,0,0,Matches
9,Semi Ajayi\d6192210,ng NGA,DF,West Brom,26,1993,30.9,14,0.45,11,0,2,1,0,0,3,0.10,2,0,0,1,0,0,Matches
10,Nathan Aké\eaeca114,nl NED,DF,Manchester City,25,1995,8.9,3,0.34,2,0,0,0,1,0,0,0.00,0,0,0,0,0,0,Matches
11,Marc Albrighton\b827d5b3,eng ENG,DFFW,Leicester City,30,1989,19.4,71,3.66,53,5,4,1,2,6,11,0.57,7,2,0,1,0,1,Matches
12,Thiago Alcántara\77e84962,es ESP,MF,Liverpool,29,1991,20.6,61,2.96,51,2,3,2,1,2,2,0.10,2,0,0,0,0,0,Matches
13,Toby Alderweireld\f7d50789,be BEL,DF,Tottenham,31,1989,24.9,19,0.76,16,0,0,3,0,0,3,0.12,3,0,0,0,0,0,Matches
14,Rúnar Alex Rúnarsson\8fa8f8d2,is ISL,GK,Arsenal,25,1995,0.2,0,0.00,0,0,0,0,0,0,0,0.00,0,0,0,0,0,0,Matches
15,Trent Alexander-Arnold\cd1acf9d,eng ENG,DF,Liverpool,21,1998,33.7,123,3.65,78,32,7,6,0,0,13,0.39,10,2,0,1,0,0,Matches
16,Ezgjan Alioski\1a7fcf39,mk MKD,DF,Leeds United,28,1992,27.3,57,2.08,49,3,0,3,2,0,6,0.22,4,1,0,1,0,0,Matches
17,Alisson\7a2e46a8,br BRA,GK,Liverpool,27,1992,33.0,5,0.15,5,0,0,0,0,0,0,0.00,0,0,0,0,0,0,Matches
18,Allan\cc700722,br BRA,MF,Everton,29,1991,22.8,38,1.67,32,0,4,1,1,0,2,0.09,2,0,0,0,0,0,Matches
19,Dele Alli\cea4ee8f,eng ENG,MF,Tottenham,24,1996,6.9,22,3.19,18,0,0,1,2,1,3,0.44,2,0,0,1,0,0,Matches
20,Miguel Almirón\862a1c15,py PAR,MFFW,Newcastle Utd,26,1994,27.0,63,2.33,47,1,6,3,4,2,4,0.15,3,0,0,1,0,0,Matches
21,Marcos Alonso\f4290206,es ESP,DF,Chelsea,29,1990,10.7,33,3.09,24,2,0,5,1,1,2,0.19,1,0,0,1,0,0,Matches
22,Steven Alzate\ad1f61f3,co COL,MFDF,Brighton,21,1998,10.0,25,2.51,20,1,1,3,0,0,1,0.10,1,0,0,0,0,0,Matches
23,Daniel Amartey\1a4ef233,gh GHA,DF,Leicester City,25,1994,8.0,5,0.62,5,0,0,0,0,0,0,0.00,0,0,0,0,0,0,Matches
24,Ethan Ampadu\10b9fa99,wls WAL,DFMF,Sheffield Utd,19,2000,23.2,15,0.65,13,1,0,0,1,0,0,0.00,0,0,0,0,0,0,Matches
25,Joachim Andersen\e34fc66d,dk DEN,DF,Fulham,24,1996,30.3,26,0.86,24,0,0,1,0,1,2,0.07,2,0,0,0,0,0,Matches
26,Elliot Anderson\de31038e,sct SCO,MF,Newcastle Utd,17,2002,0.0,0,0.00,0,0,0,0,0,0,0,0.00,0,0,0,0,0,0,Matches
27,Felipe Anderson\9f1893b9,br BRA,FWMF,West Ham,27,1993,0.0,0,0.00,0,0,0,0,0,0,0,0.00,0,0,0,0,0,0,Matches
28,Michail Antonio\ac05f970,jm JAM,FW,West Ham,30,1990,21.9,65,2.96,34,1,8,7,15,0,11,0.50,5,1,0,2,3,0,Matches
29,Alphonse Areola\2f965a72,fr FRA,GK,Fulham,27,1993,36.0,1,0.03,0,1,0,0,0,0,0,0.00,0,0,0,0,0,0,Matches
30,Stuart Armstrong\97333cf5,sct SCO,MF,Southampton,28,1992,30.7,82,2.67,58,3,6,5,6,4,15,0.49,7,0,2,3,2,1,Matches
31,Kepa Arrizabalaga\28d596a0,es ESP,GK,Chelsea,25,1994,6.5,1,0.15,1,0,0,0,0,0,0,0.00,0,0,0,0,0,0,Matches
32,Pierre-Emerick Aubameyang\d5dd5f1f,ga GAB,FW,Arsenal,31,1989,25.9,45,1.74,36,0,4,2,3,0,7,0.27,6,0,1,0,0,0,Matches
33,Serge Aurier\5c2b4f07,ci CIV,DF,Tottenham,27,1992,17.8,34,1.91,23,0,4,3,1,3,4,0.22,3,0,1,0,0,0,Matches
34,Charlie Austin\8d228291,eng ENG,FW,West Brom,31,1989,1.5,1,0.65,0,0,1,0,0,0,0,0.00,0,0,0,0,0,0,Matches
35,Jordan Ayew\da052c14,gh GHA,FWMF,Crystal Palace,28,1991,23.3,33,1.42,23,0,2,2,5,1,7,0.30,5,0,0,1,1,0,Matches
36,Luke Ayling\420d7c7d,eng ENG,DF,Leeds United,28,1991,37.8,49,1.30,38,2,3,2,3,1,4,0.11,4,0,0,0,0,0,Matches
37,César Azpilicueta\53cad200,es ESP,DF,Chelsea,30,1989,24.3,42,1.73,40,1,0,0,0,1,4,0.16,4,0,0,0,0,0,Matches
38,Eric Bailly\a1232f4e,ci CIV,DF,Manchester Utd,26,1994,10.2,3,0.29,3,0,0,0,0,0,1,0.10,1,0,0,0,0,0,Matches
39,Fabián Balbuena\3626f7d9,py PAR,DF,West Ham,28,1991,13.3,2,0.15,2,0,0,0,0,0,0,0.00,0,0,0,0,0,0,Matches
40,George Baldock\394854c4,eng ENG,DF,Sheffield Utd,27,1993,31.0,32,1.03,27,0,1,3,0,1,2,0.06,1,0,0,1,0,0,Matches
41,Gareth Bale\a58bb1e1,wls WAL,FW,Tottenham,31,1989,10.2,45,4.40,24,7,8,3,2,1,5,0.49,2,1,0,2,0,0,Matches
42,Patrick Bamford\93feac6e,eng ENG,FW,Leeds United,26,1993,33.9,60,1.77,41,0,5,6,6,2,17,0.50,9,0,2,2,4,0,Matches
43,Phil Bardsley\1ae30132,sct SCO,DF,Burnley,35,1985,3.0,3,0.99,1,0,1,0,1,0,0,0.00,0,0,0,0,0,0,Matches
44,Ross Barkley\3a24769f,eng ENG,MF,Aston Villa,26,1993,17.0,75,4.41,43,20,9,1,2,0,5,0.29,3,1,0,0,1,0,Matches
45,Ross Barkley\3a24769f,eng ENG,MF,Chelsea,26,1993,0.5,3,6.43,2,0,1,0,0,0,0,0.00,0,0,0,0,0,0,Matches
46,Ashley Barnes\2691c772,eng ENG,FW,Burnley,30,1989,14.8,36,2.43,25,0,0,5,4,2,2,0.14,0,0,0,1,1,0,Matches
47,Harvey Barnes\3ea50f67,eng ENG,FWMF,Leicester City,22,1997,21.6,68,3.15,44,0,8,7,8,1,8,0.37,5,0,2,0,1,0,Matches
48,Kyle Bartley\18e96f64,eng ENG,DF,West Brom,29,1991,28.7,9,0.31,7,0,0,2,0,0,1,0.03,1,0,0,0,0,0,Matches
49,Chris Basham\1aa84968,eng ENG,DFMF,Sheffield Utd,32,1988,28.6,22,0.77,18,0,2,0,2,0,1,0.03,1,0,0,0,0,0,Matches
50,Michy Batshuayi\2973d8ff,be BEL,FW,Crystal Palace,26,1993,8.1,20,2.47,13,1,4,0,2,0,2,0.25,1,0,0,0,1,0,Matches
51,Jan Bednarek\4115ce4e,pl POL,DF,Southampton,24,1996,34.4,14,0.41,12,1,0,1,0,0,2,0.06,2,0,0,0,0,0,Matches
52,Donny van de Beek\50dc94ce,nl NED,MFFW,Manchester Utd,23,1997,5.8,12,2.06,10,0,1,0,1,0,2,0.34,1,0,0,0,1,0,Matches
53,Héctor Bellerín\f874dd44,es ESP,DF,Arsenal,25,1995,23.2,41,1.77,37,1,0,2,1,0,7,0.30,6,0,0,0,1,0,Matches
54,Saïd Benrahma\5a04fd92,dz ALG,FWMF,West Ham,24,1995,15.5,55,3.56,49,0,3,1,1,1,9,0.58,9,0,0,0,0,0,Matches
55,Josh Benson\bf3aeb61,eng ENG,MF,Burnley,20,1999,2.9,1,0.34,1,0,0,0,0,0,0,0.00,0,0,0,0,0,0,Matches
56,Christian Benteke\ab070c55,be BEL,FW,Crystal Palace,29,1990,20.2,38,1.88,29,0,3,2,2,2,5,0.25,2,0,1,0,1,1,Matches
57,Gaetano Berardi\5348aada,ch SUI,DF,Leeds United,31,1988,1.3,1,0.80,0,0,0,1,0,0,0,0.00,0,0,0,0,0,0,Matches
58,Jóhann Berg Guðmundsson\f72293fc,is ISL,MF,Burnley,29,1990,15.1,27,1.78,22,1,0,1,2,1,0,0.00,0,0,0,0,0,0,Matches
59,Sander Berge\d0b6129f,no NOR,MF,Sheffield Utd,22,1998,12.4,24,1.93,20,0,2,1,0,1,1,0.08,0,0,0,1,0,0,Matches
60,Steven Bergwijn\a29b1131,nl NED,FWMF,Tottenham,22,1997,13.4,33,2.46,24,1,0,2,5,1,6,0.45,3,0,0,1,1,1,Matches
61,Bernard\ab4b3e35,br BRA,MFFW,Everton,27,1992,5.1,17,3.36,15,0,1,0,1,0,1,0.20,1,0,0,0,0,0,Matches
62,Bernardo\17370b95,br BRA,DFMF,Brighton,25,1995,2.3,4,1.75,2,0,0,2,0,0,0,0.00,0,0,0,0,0,0,Matches
63,Ryan Bertrand\01226327,eng ENG,DF,Southampton,30,1989,28.9,33,1.14,21,10,0,0,1,1,3,0.10,2,0,0,0,0,1,Matches
64,Yves Bissouma\6c203af0,ml MLI,MF,Brighton,23,1996,34.6,52,1.50,42,0,1,2,3,4,2,0.06,2,0,0,0,0,0,Matches
65,Jayden Bogle\ae5019e6,eng ENG,DF,Sheffield Utd,20,2000,12.3,11,0.89,6,1,3,0,1,0,1,0.08,0,0,1,0,0,0,Matches
66,Willy Boly\a4ac4b8f,ci CIV,DF,Wolves,29,1991,20.9,11,0.53,9,0,0,2,0,0,1,0.05,1,0,0,0,0,0,Matches
67,Jarrod Bowen\79c84d1c,eng ENG,FWMF,West Ham,23,1996,28.5,78,2.74,44,11,4,10,8,1,11,0.39,6,3,0,2,0,0,Matches
68,Robbie Brady\96bb8cc2,ie IRL,MF,Burnley,28,1992,11.7,17,1.45,12,2,0,2,0,1,1,0.09,0,1,0,0,0,0,Matches
69,Rhian Brewster\30e81a88,eng ENG,FW,Sheffield Utd,20,2000,12.5,22,1.76,16,0,0,4,2,0,0,0.00,0,0,0,0,0,0,Matches
70,Nathan Broadhead\43309491,wls WAL,MF,Everton,22,1998,0.0,0,0.00,0,0,0,0,0,0,0,0.00,0,0,0,0,0,0,Matches
71,Josh Brownhill\47369df8,eng ENG,MF,Burnley,24,1995,31.3,46,1.47,34,0,2,2,6,2,1,0.03,1,0,0,0,0,0,Matches
72,Joe Bryan\af69e7f0,eng ENG,DFFW,Fulham,26,1993,7.4,19,2.56,11,3,2,2,1,0,1,0.13,0,0,0,0,1,0,Matches
73,Kean Bryan\c684d3c9,eng ENG,DF,Sheffield Utd,23,1996,11.2,5,0.45,5,0,0,0,0,0,0,0.00,0,0,0,0,0,0,Matches
74,Oliver Burke\f631c17f,sct SCO,FW,Sheffield Utd,23,1997,14.1,28,1.99,18,0,6,2,0,2,1,0.07,1,0,0,0,0,0,Matches
75,Dan Burn\b2d31e83,eng ENG,DF,Brighton,28,1992,22.9,20,0.87,19,0,0,1,0,0,1,0.04,0,0,0,1,0,0,Matches
76,Jack Butland\cc70a1d5,eng ENG,GK,Crystal Palace,27,1993,1.0,0,0.00,0,0,0,0,0,0,0,0.00,0,0,0,0,0,0,Matches
77,David Button\e608ed4c,eng ENG,GK,West Brom,31,1989,1.0,0,0.00,0,0,0,0,0,0,0,0.00,0,0,0,0,0,0,Matches
78,Oskar Buur\aa6f2f2c,dk DEN,DF,Wolves,22,1998,0.2,0,0.00,0,0,0,0,0,0,0,0.00,0,0,0,0,0,0,Matches
79,Willy Caballero\a179d516,ar ARG,GK,Chelsea,38,1981,1.0,0,0.00,0,0,0,0,0,0,0,0.00,0,0,0,0,0,0,Matches
80,Gary Cahill\7914b9fe,eng ENG,DF,Crystal Palace,34,1985,20.0,12,0.60,12,0,0,0,0,0,2,0.10,2,0,0,0,0,0,Matches
81,Tom Cairney\a8748947,sct SCO,MF,Fulham,29,1991,8.4,35,4.15,21,8,3,1,2,0,2,0.24,2,0,0,0,0,0,Matches
82,Dominic Calvert-Lewin\59e6e5bf,eng ENG,FW,Everton,23,1997,31.9,50,1.57,31,0,2,6,9,2,9,0.28,2,0,0,5,2,0,Matches
83,João Cancelo\bd6351cd,pt POR,DF,Manchester City,26,1994,25.5,71,2.78,57,5,7,1,1,0,10,0.39,7,1,0,1,1,0,Matches
84,Ian Carlo Poveda\55b4f1d6,eng ENG,MFDF,Leeds United,20,2000,3.9,9,2.28,6,0,3,0,0,0,0,0.00,0,0,0,0,0,0,Matches
85,Andy Carroll\b581987a,eng ENG,FW,Newcastle Utd,31,1989,4.4,9,2.07,5,0,1,1,1,1,1,0.23,1,0,0,0,0,0,Matches
86,Scott Carson\3e1550ee,eng ENG,GK,Manchester City,34,1985,1.0,0,0.00,0,0,0,0,0,0,0,0.00,0,0,0,0,0,0,Matches
87,Fabio Carvalho\966e28d0,eng ENG,MFFW,Fulham,17,2002,2.8,5,1.76,3,0,1,0,0,1,0,0.00,0,0,0,0,0,0,Matches
88,Matty Cash\2389cdc2,pl POL,DF,Aston Villa,22,1997,26.4,33,1.25,25,4,2,0,1,1,2,0.08,2,0,0,0,0,0,Matches
89,Kiko Casilla\58bc7d18,es ESP,GK,Leeds United,33,1986,3.0,1,0.33,1,0,0,0,0,0,0,0.00,0,0,0,0,0,0,Matches
90,Timothy Castagne\197640fd,be BEL,DF,Leicester City,24,1995,26.1,41,1.57,37,2,0,0,0,2,3,0.12,3,0,0,0,0,0,Matches
91,Jonny Castro\e28868f3,es ESP,DF,Wolves,26,1994,5.5,6,1.09,6,0,0,0,0,0,0,0.00,0,0,0,0,0,0,Matches
92,Ivan Cavaleiro\979b811d,pt POR,FWMF,Fulham,26,1993,27.5,72,2.62,48,14,3,3,2,2,1,0.04,1,0,0,0,0,0,Matches
93,Edinson Cavani\527f063d,uy URU,FW,Manchester Utd,33,1987,15.3,34,2.23,24,0,2,4,2,2,4,0.26,3,0,0,1,0,0,Matches
94,Dani Ceballos\c0617e2b,es ESP,MF,Arsenal,23,1996,17.9,55,3.07,48,3,1,1,1,1,5,0.28,4,0,0,1,0,0,Matches
95,Calum Chambers\dc6f5bdd,eng ENG,DF,Arsenal,25,1995,8.4,16,1.91,15,0,0,1,0,0,2,0.24,2,0,0,0,0,0,Matches
96,Ben Chilwell\d2424d1b,eng ENG,DF,Chelsea,23,1996,25.4,57,2.24,36,12,1,3,4,1,9,0.35,8,0,0,0,1,0,Matches
97,Hamza Choudhury\7d2d3329,eng ENG,MF,Leicester City,22,1997,3.5,3,0.85,2,0,0,1,0,0,1,0.28,1,0,0,0,0,0,Matches
98,Andreas Christensen\1cb49278,dk DEN,DF,Chelsea,24,1996,15.2,9,0.59,9,0,0,0,0,0,1,0.07,1,0,0,0,0,0,Matches
99,Carney Chukwuemeka\b2f9c73e,eng ENG,FWMF,Aston Villa,16,2004,0.2,0,0.00,0,0,0,0,0,0,0,0.00,0,0,0,0,0,0,Matches
100,Ciaran Clark\2b91cf8e,ie IRL,DF,Newcastle Utd,30,1989,21.0,6,0.29,6,0,0,0,0,0,0,0.00,0,0,0,0,0,0,Matches
101,Nathaniel Clyne\0442183b,eng ENG,DF,Crystal Palace,29,1991,12.7,7,0.55,5,1,0,1,0,0,1,0.08,1,0,0,0,0,0,Matches
102,Conor Coady\2928dca2,eng ENG,DF,Wolves,27,1993,36.7,9,0.25,7,0,0,1,0,1,0,0.00,0,0,0,0,0,0,Matches
103,Séamus Coleman\0420d84f,ie IRL,DFMF,Everton,31,1988,17.9,33,1.84,24,1,4,1,3,0,5,0.28,4,0,0,0,1,0,Matches
104,Aaron Connolly\27c01749,ie IRL,FW,Brighton,20,2000,8.8,12,1.37,7,0,3,0,2,0,1,0.11,1,0,0,0,0,0,Matches
105,Liam Cooper\dc64b8b3,sct SCO,DF,Leeds United,28,1991,24.3,14,0.58,9,0,0,3,0,2,2,0.08,2,0,0,0,0,0,Matches
106,Theo Corbeanu\25b82f9a,ca CAN,FW,Wolves,18,2002,0.1,1,10.00,1,0,0,0,0,0,0,0.00,0,0,0,0,0,0,Matches
107,Jack Cork\74e12f1e,eng ENG,MF,Burnley,31,1989,15.0,18,1.20,16,0,0,1,1,0,1,0.07,1,0,0,0,0,0,Matches
108,Hélder Costa\f13d02a6,ao ANG,MFFW,Leeds United,26,1994,12.8,21,1.63,15,0,2,1,3,0,6,0.47,5,0,0,0,1,0,Matches
109,Vladimír Coufal\fdf3cb77,cz CZE,DF,West Ham,27,1992,33.9,71,2.09,54,11,1,2,2,1,7,0.21,7,0,0,0,0,0,Matches
110,Aaron Cresswell\4f974391,eng ENG,DF,West Ham,30,1989,35.2,96,2.73,48,41,1,4,2,0,14,0.40,5,6,0,2,1,0,Matches
111,Patrick Cutrone\a4fe8cda,it ITA,FW,Wolves,22,1998,0.3,0,0.00,0,0,0,0,0,0,0,0.00,0,0,0,0,0,0,Matches
112,Stuart Dallas\67ca8566,nir NIR,DFMF,Leeds United,29,1991,37.9,74,1.95,63,2,4,3,0,2,6,0.16,6,0,0,0,0,0,Matches
113,Scott Dann\52105203,eng ENG,DF,Crystal Palace,33,1987,15.0,5,0.33,4,0,0,0,0,1,0,0.00,0,0,0,0,0,0,Matches
114,Karl Darlow\cde3309f,eng ENG,GK,Newcastle Utd,29,1990,25.0,3,0.12,1,2,0,0,0,0,1,0.04,1,0,0,0,0,0,Matches
115,Ben Davies\44781702,wls WAL,DF,Tottenham,27,1993,15.0,17,1.14,12,0,1,0,2,2,4,0.27,2,0,1,0,1,0,Matches
116,Tom Davies\9228b07c,eng ENG,MF,Everton,22,1998,15.8,21,1.33,20,0,1,0,0,0,2,0.13,2,0,0,0,0,0,Matches
117,Keinan Davis\9deaf2c8,eng ENG,FWMF,Aston Villa,22,1998,3.1,15,4.87,8,0,3,2,1,1,2,0.65,1,0,0,0,0,1,Matches
118,Leif Davis\8574c61f,eng ENG,DF,Leeds United,20,2000,0.4,1,2.73,1,0,0,0,0,0,0,0.00,0,0,0,0,0,0,Matches
119,Craig Dawson\3e9e06cb,eng ENG,DF,West Ham,30,1990,21.4,8,0.37,5,1,0,1,1,0,0,0.00,0,0,0,0,0,0,Matches
120,Kevin De Bruyne\e46012d4,be BEL,MF,Manchester City,29,1991,22.2,142,6.40,95,24,7,4,5,7,19,0.86,15,0,2,0,1,1,Matches
121,Liam Delap\dd897ee7,eng ENG,FW,Manchester City,17,2003,0.4,0,0.00,0,0,0,0,0,0,0,0.00,0,0,0,0,0,0,Matches
122,Fabian Delph\111c3236,eng ENG,MFDF,Everton,30,1989,3.0,3,1.02,2,1,0,0,0,0,0,0.00,0,0,0,0,0,0,Matches
123,Leander Dendoncker\5a7301ae,be BEL,MFDF,Wolves,25,1995,27.8,43,1.55,36,1,1,3,1,1,6,0.22,4,0,0,2,0,0,Matches
124,Mbaye Diagne\dda3969e,sn SEN,FW,West Brom,28,1991,13.2,28,2.12,20,1,1,1,2,3,7,0.53,4,0,0,1,0,2,Matches
125,Amad Diallo\9dc96f10,ci CIV,FW,Manchester Utd,18,2002,1.8,2,1.08,2,0,0,0,0,0,1,0.54,1,0,0,0,0,0,Matches
126,Ibrahima Diallo\11ff3d56,fr FRA,MF,Southampton,21,1999,11.3,18,1.59,15,0,0,1,1,1,1,0.09,1,0,0,0,0,0,Matches
127,Grady Diangana\f522d7ec,eng ENG,MFFW,West Brom,22,1998,13.7,20,1.46,12,1,1,3,2,1,1,0.07,1,0,0,0,0,0,Matches
128,Raphael Dias Belloli\3423f250,br BRA,MF,Leeds United,23,1996,26.2,109,4.16,62,26,10,4,3,4,14,0.53,8,3,1,2,0,0,Matches
129,Rúben Dias\31c69ef1,pt POR,DF,Manchester City,23,1997,31.6,21,0.66,19,0,0,1,1,0,2,0.06,1,0,0,1,0,0,Matches
130,Eric Dier\ac861941,eng ENG,DF,Tottenham,26,1994,28.0,16,0.57,14,0,0,1,0,1,0,0.00,0,0,0,0,0,0,Matches
131,Lucas Digne\1b84dbe1,fr FRA,DF,Everton,27,1993,29.8,70,2.35,49,17,0,2,2,0,11,0.37,6,3,0,2,0,0,Matches
132,Virgil van Dijk\e06683ca,nl NED,DF,Liverpool,29,1991,4.1,1,0.24,1,0,0,0,0,0,0,0.00,0,0,0,0,0,0,Matches
133,Issa Diop\a712ca2b,fr FRA,DF,West Ham,23,1997,15.3,4,0.26,4,0,0,0,0,0,1,0.07,1,0,0,0,0,0,Matches
134,Moussa Djenepo\254147d4,ml MLI,MF,Southampton,22,1998,13.8,31,2.25,15,0,10,1,5,0,4,0.29,1,0,2,0,1,0,Matches
135,Matt Doherty\d557d734,ie IRL,DF,Tottenham,28,1992,13.8,22,1.60,18,1,1,0,2,0,2,0.15,2,0,0,0,0,0,Matches
136,Gabriel Dos Santos\67ac5bb8,br BRA,DF,Arsenal,22,1997,22.2,10,0.45,6,1,1,2,0,0,0,0.00,0,0,0,0,0,0,Matches
137,Abdoulaye Doucouré\02b29014,fr FRA,MF,Everton,27,1993,27.1,41,1.51,36,1,1,1,0,2,5,0.18,5,0,0,0,0,0,Matches
138,Martin Dúbravka\3a949a25,sk SVK,GK,Newcastle Utd,31,1989,13.0,0,0.00,0,0,0,0,0,0,0,0.00,0,0,0,0,0,0,Matches
139,Paul Dummett\3fe6bd8c,wls WAL,DF,Newcastle Utd,28,1991,13.9,5,0.36,5,0,0,0,0,0,1,0.07,1,0,0,0,0,0,Matches
140,Lewis Dunk\282f75f3,eng ENG,DF,Brighton,28,1991,32.6,19,0.58,14,1,0,4,0,0,0,0.00,0,0,0,0,0,0,Matches
141,Jimmy Dunne\1fdfd6da,ie IRL,DF,Burnley,22,1997,3.0,3,1.00,3,0,0,0,0,0,0,0.00,0,0,0,0,0,0,Matches
142,Ederson\3bb7b8b4,br BRA,GK,Manchester City,26,1993,36.0,5,0.14,4,1,0,0,0,0,1,0.03,1,0,0,0,0,0,Matches
143,Kyle Edwards\1566e437,eng ENG,MFFW,West Brom,22,1998,1.3,1,0.76,1,0,0,0,0,0,0,0.00,0,0,0,0,0,0,Matches
144,John Egan\debe38a0,ie IRL,DF,Sheffield Utd,27,1992,29.2,13,0.45,12,0,0,0,0,1,1,0.03,1,0,0,0,0,0,Matches
145,Anthony Elanga\2fba6108,se SWE,FW,Manchester Utd,18,2002,1.7,2,1.16,1,0,1,0,0,0,0,0.00,0,0,0,0,0,0,Matches
146,Ahmed Elmohamady\615ef733,eg EGY,DF,Aston Villa,32,1987,9.3,21,2.25,18,1,0,1,0,1,1,0.11,0,1,0,0,0,0,Matches
147,Mohamed Elneny\47a34c4f,eg EGY,MF,Arsenal,28,1992,17.2,16,0.93,13,0,1,1,1,0,0,0.00,0,0,0,0,0,0,Matches
148,Jonny Evans\f8fcd2a5,nir NIR,DF,Leicester City,32,1988,27.5,14,0.51,14,0,0,0,0,0,4,0.15,4,0,0,0,0,0,Matches
149,Eberechi Eze\ae4fc6a4,eng ENG,MF,Crystal Palace,22,1998,28.4,83,2.92,48,13,10,2,8,2,12,0.42,4,2,4,1,1,0,Matches
150,Łukasz Fabiański\9328b835,pl POL,GK,West Ham,35,1985,35.0,1,0.03,0,1,0,0,0,0,0,0.00,0,0,0,0,0,0,Matches
151,Fabinho\7f3b388c,br BRA,DFMF,Liverpool,26,1993,28.5,23,0.81,20,0,0,0,2,1,4,0.14,3,0,0,0,1,0,Matches
152,Bruno Fernandes\507c7bdf,pt POR,MF,Manchester Utd,25,1994,34.4,168,4.88,121,22,4,10,8,3,27,0.78,23,2,0,2,0,0,Matches
153,Federico Fernández\f25b010f,ar ARG,DF,Newcastle Utd,31,1989,23.1,11,0.48,9,2,0,0,0,0,0,0.00,0,0,0,0,0,0,Matches
154,Fernandinho\101da2b5,br BRA,MF,Manchester City,35,1985,13.2,29,2.20,21,0,3,0,0,5,3,0.23,2,0,0,0,0,1,Matches
155,Sam Field\bd8a7d05,eng ENG,MF,West Brom,22,1998,0.7,0,0.00,0,0,0,0,0,0,0,0.00,0,0,0,0,0,0,Matches
156,Roberto Firmino\4c370d81,br BRA,FW,Liverpool,28,1991,31.5,107,3.39,80,0,12,9,5,1,9,0.29,8,0,0,1,0,0,Matches
157,John Fleck\b63e789d,sct SCO,MF,Sheffield Utd,28,1991,28.6,66,2.31,46,13,3,2,1,1,3,0.10,2,1,0,0,0,0,Matches
158,Phil Foden\ed1e53f3,eng ENG,FWMF,Manchester City,20,2000,18.0,67,3.73,43,8,9,4,2,1,14,0.78,9,0,1,3,1,0,Matches
159,Wesley Fofana\132a82f1,fr FRA,DF,Leicester City,19,2000,25.1,18,0.72,14,0,0,1,2,1,1,0.04,0,0,0,0,1,0,Matches
160,Pablo Fornals\82927de4,es ESP,FWMF,West Ham,24,1996,28.6,71,2.48,59,1,1,5,4,1,12,0.42,7,1,0,3,1,0,Matches
161,Fraser Forster\c3e39f12,eng ENG,GK,Southampton,32,1988,8.0,0,0.00,0,0,0,0,0,0,0,0.00,0,0,0,0,0,0,Matches
162,Timothy Fosu-Mensah\a9142dc3,nl NED,DF,Manchester Utd,22,1998,0.9,4,4.50,4,0,0,0,0,0,0,0.00,0,0,0,0,0,0,Matches
163,Tyrese Francois\6722d4f0,au AUS,DF,Fulham,20,2000,0.2,0,0.00,0,0,0,0,0,0,0,0.00,0,0,0,0,0,0,Matches
164,Ryan Fraser\d56543a0,sct SCO,FWMF,Newcastle Utd,26,1994,10.3,38,3.69,23,13,0,1,1,0,4,0.39,2,1,0,0,1,0,Matches
165,Fred\b853e0ad,br BRA,MF,Manchester Utd,27,1993,26.6,67,2.52,58,1,2,1,2,3,5,0.19,4,0,0,0,0,1,Matches
166,Ryan Fredericks\c067631c,eng ENG,DFFW,West Ham,27,1992,6.3,21,3.32,16,0,1,1,1,2,1,0.16,1,0,0,0,0,0,Matches
167,Christian Fuchs\a67a09fb,at AUT,DF,Leicester City,34,1986,7.8,3,0.38,3,0,0,0,0,0,0,0.00,0,0,0,0,0,0,Matches
168,Darnell Furlong\3ec9195b,eng ENG,DF,West Brom,24,1995,32.6,34,1.04,24,5,0,3,2,0,3,0.09,3,0,0,0,0,0,Matches
169,Conor Gallagher\c2731c10,eng ENG,MF,West Brom,20,2000,28.1,41,1.46,24,7,3,1,5,1,3,0.11,2,1,0,0,0,0,Matches
170,Eric García\2bed3eab,es ESP,DF,Manchester City,19,2001,4.3,4,0.94,3,0,0,0,1,0,0,0.00,0,0,0,0,0,0,Matches
171,Dwight Gayle\e58a03c6,eng ENG,FWMF,Newcastle Utd,29,1990,5.7,13,2.28,8,2,0,2,1,0,1,0.18,1,0,0,0,0,0,Matches
172,Jean-Philippe Gbamin\6bd603db,ci CIV,MF,Everton,24,1995,0.1,0,0.00,0,0,0,0,0,0,0,0.00,0,0,0,0,0,0,Matches
173,David de Gea\7ba6d84e,es ESP,GK,Manchester Utd,29,1990,25.5,2,0.08,1,1,0,0,0,0,1,0.04,1,0,0,0,0,0,Matches
174,Anwar El Ghazi\ffa90327,nl NED,FW,Aston Villa,25,1995,17.9,55,3.07,30,9,4,6,6,0,1,0.06,0,0,0,1,0,0,Matches
175,Kieran Gibbs\46ee5234,eng ENG,DF,West Brom,30,1989,9.0,4,0.44,4,0,0,0,0,0,1,0.11,1,0,0,0,0,0,Matches
176,Morgan Gibbs-White\32f60ed8,eng ENG,MFFW,Wolves,20,2000,4.6,17,3.70,12,2,0,0,3,0,1,0.22,0,0,0,0,1,0,Matches
177,Billy Gilmour\df10e27c,sct SCO,MF,Chelsea,19,2001,2.9,4,1.38,4,0,0,0,0,0,0,0.00,0,0,0,0,0,0,Matches
178,Olivier Giroud\16ceb862,fr FRA,FW,Chelsea,33,1986,8.3,15,1.80,12,0,0,2,0,1,0,0.00,0,0,0,0,0,0,Matches
179,Ben Godfrey\9f7c837d,eng ENG,DF,Everton,22,1998,29.8,10,0.34,7,0,0,2,1,0,2,0.07,1,0,0,1,0,0,Matches
180,André Gomes\1961b2aa,pt POR,MF,Everton,27,1993,17.4,35,2.01,31,2,1,0,0,1,2,0.11,2,0,0,0,0,0,Matches
181,Joe Gomez\7a11550b,eng ENG,DF,Liverpool,23,1997,6.6,2,0.31,2,0,0,0,0,0,0,0.00,0,0,0,0,0,0,Matches
182,Anthony Gordon\2bd83368,eng ENG,FWMF,Everton,19,2001,1.0,1,1.02,1,0,0,0,0,0,0,0.00,0,0,0,0,0,0,Matches
183,Karlan Grant\87f7500e,eng ENG,FWMF,West Brom,22,1997,12.5,11,0.88,7,1,1,1,1,0,1,0.08,1,0,0,0,0,0,Matches
184,Demarai Gray\4468ec10,eng ENG,FW,Leicester City,24,1996,0.2,0,0.00,0,0,0,0,0,0,0,0.00,0,0,0,0,0,0,Matches
185,Jack Grealish\b0b4fd3e,eng ENG,FWMF,Aston Villa,24,1995,24.3,150,6.18,114,14,8,2,11,1,21,0.86,17,0,0,0,3,1,Matches
186,Mason Greenwood\58eee997,eng ENG,FW,Manchester Utd,18,2001,20.2,50,2.47,29,1,8,7,4,1,5,0.25,3,0,2,0,0,0,Matches
187,Pascal Groß\8aec0537,de GER,MFDF,Brighton,29,1991,27.6,110,3.99,63,40,0,4,2,1,9,0.33,6,3,0,0,0,0,Matches
188,Kamil Grosicki\81d8091f,pl POL,FWMF,West Brom,32,1988,1.6,5,3.04,4,0,0,1,0,0,2,1.22,2,0,0,0,0,0,Matches
189,Vicente Guaita\ab13a5aa,es ESP,GK,Crystal Palace,33,1987,37.0,2,0.05,1,1,0,0,0,0,0,0.00,0,0,0,0,0,0,Matches
190,İlkay Gündoğan\819b3158,de GER,MF,Manchester City,29,1990,22.5,82,3.64,61,4,8,5,2,2,10,0.44,3,1,3,1,1,1,Matches
191,Antwoine Hackford\a7588cdc,eng ENG,FWDF,Sheffield Utd,16,2004,0.1,0,0.00,0,0,0,0,0,0,0,0.00,0,0,0,0,0,0,Matches
192,Sébastien Haller\ba115a40,ci CIV,FW,West Ham,26,1994,10.4,17,1.63,13,0,1,0,3,0,0,0.00,0,0,0,0,0,0,Matches
193,Rekeem Harper\3c066877,eng ENG,MF,West Brom,20,2000,0.4,0,0.00,0,0,0,0,0,0,0,0.00,0,0,0,0,0,0,Matches
194,Jack Harrison\aa849a12,eng ENG,MF,Leeds United,23,1996,31.6,104,3.29,88,5,5,2,2,2,15,0.47,11,1,2,0,0,1,Matches
195,Kortney Hause\bf8fad51,eng ENG,DF,Aston Villa,25,1995,7.0,0,0.00,0,0,0,0,0,0,0,0.00,0,0,0,0,0,0,Matches
196,Kai Havertz\fed7cb61,de GER,MFFW,Chelsea,21,1999,16.9,47,2.78,38,0,3,2,3,1,8,0.47,5,0,0,1,2,0,Matches
197,Isaac Hayden\c951a6df,eng ENG,MFDF,Newcastle Utd,25,1995,21.6,17,0.79,12,0,0,1,1,3,0,0.00,0,0,0,0,0,0,Matches
198,Michael Hector\5f1a2f31,jm JAM,DF,Fulham,28,1992,2.9,2,0.68,2,0,0,0,0,0,0,0.00,0,0,0,0,0,0,Matches
199,Ahmed Hegazi\5540c9dc,eg EGY,DF,West Brom,29,1991,1.0,1,1.00,1,0,0,0,0,0,0,0.00,0,0,0,0,0,0,Matches
200,Dean Henderson\e5a76dfe,eng ENG,GK,Manchester Utd,23,1997,12.5,1,0.08,1,0,0,0,0,0,0,0.00,0,0,0,0,0,0,Matches
201,Jordan Henderson\935e6b8f,eng ENG,MFDF,Liverpool,30,1990,18.9,33,1.74,27,4,0,0,1,1,4,0.21,3,1,0,0,0,0,Matches
202,Jeff Hendrick\989d5705,ie IRL,MF,Newcastle Utd,28,1992,15.8,14,0.89,12,0,0,1,1,0,2,0.13,2,0,0,0,0,0,Matches
203,Pablo Hernández\c0398aca,es ESP,MFFW,Leeds United,35,1985,4.7,20,4.22,15,0,1,3,0,1,3,0.63,3,0,0,0,0,0,Matches
204,Son Heung-min\92e7e919,kr KOR,FW,Tottenham,28,1992,34.6,117,3.38,74,28,8,1,6,0,15,0.43,11,2,2,0,0,0,Matches
205,Ki-Jana Hoever\9a71e978,nl NED,DF,Wolves,18,2002,6.4,7,1.09,6,0,0,0,0,1,0,0.00,0,0,0,0,0,0,Matches
206,Rob Holding\d79a8c87,eng ENG,DF,Arsenal,24,1995,28.4,12,0.42,11,0,0,0,0,1,3,0.11,3,0,0,0,0,0,Matches
207,Mason Holgate\d0042ab9,eng ENG,DF,Everton,23,1996,25.4,21,0.83,15,2,0,0,3,1,0,0.00,0,0,0,0,0,0,Matches
208,Conor Hourihane\fcab00a0,ie IRL,MF,Aston Villa,29,1991,2.5,8,3.20,4,4,0,0,0,0,1,0.40,0,1,0,0,0,0,Matches
209,Callum Hudson-Odoi\15f3ec41,eng ENG,FWDF,Chelsea,19,2000,11.8,57,4.84,54,0,2,0,1,0,8,0.68,7,0,1,0,0,0,Matches
210,Niall Huggins\6d646ff7,wls WAL,DF,Leeds United,19,2000,0.4,0,0.00,0,0,0,0,0,0,0,0.00,0,0,0,0,0,0,Matches
211,Pierre Højbjerg\8b04d6c1,dk DEN,MF,Tottenham,24,1995,38.0,52,1.37,42,3,1,2,1,3,8,0.21,7,1,0,0,0,0,Matches
212,Odion Ighalo\03622183,ng NGA,FW,Manchester Utd,31,1989,0.1,0,0.00,0,0,0,0,0,0,0,0.00,0,0,0,0,0,0,Matches
213,Kelechi Iheanacho\c92e1a31,ng NGA,FW,Leicester City,23,1996,16.2,44,2.71,36,0,6,1,0,1,3,0.19,2,0,1,0,0,0,Matches
214,Danny Ings\07802f7f,eng ENG,FW,Southampton,28,1992,24.1,57,2.36,42,0,9,4,2,0,10,0.41,5,0,3,2,0,0,Matches
215,Branislav Ivanović\85f8571a,rs SRB,DF,West Brom,36,1984,8.5,1,0.12,1,0,0,0,0,0,0,0.00,0,0,0,0,0,0,Matches
216,Alex Iwobi\6ca5ec4b,ng NGA,FWDF,Everton,24,1996,17.1,46,2.68,40,0,2,2,1,1,5,0.29,5,0,0,0,0,0,Matches
217,José Izquierdo\ca2bc3df,co COL,DF,Brighton,28,1992,0.1,1,10.00,1,0,0,0,0,0,0,0.00,0,0,0,0,0,0,Matches
218,Phil Jagielka\3233eefd,eng ENG,DF,Sheffield Utd,37,1982,5.8,1,0.17,1,0,0,0,0,0,0,0.00,0,0,0,0,0,0,Matches
219,Alireza Jahanbakhsh\08452314,ir IRN,FWMF,Brighton,26,1993,5.9,20,3.41,17,0,1,1,1,0,1,0.17,1,0,0,0,0,0,Matches
220,Daniel James\c931d9f9,wls WAL,FW,Manchester Utd,22,1997,10.1,16,1.58,14,0,0,0,2,0,3,0.30,3,0,0,0,0,0,Matches
221,Reece James\1265a93a,eng ENG,DF,Chelsea,20,1999,26.4,74,2.81,54,9,3,1,5,2,5,0.19,3,1,0,0,1,0,Matches
222,Alexandre Jankewitz\7c39363f,ch SUI,MF,Southampton,18,2001,0.0,1,30.00,1,0,0,0,0,0,0,0.00,0,0,0,0,0,0,Matches
223,Daniel Jebbison\03edb878,eng ENG,FW,Sheffield Utd,17,2003,3.2,4,1.27,1,0,0,1,1,1,0,0.00,0,0,0,0,0,0,Matches
224,Gabriel Jesus\b66315ae,br BRA,FW,Manchester City,23,1997,22.9,71,3.10,48,0,7,7,8,1,11,0.48,9,0,1,1,0,0,Matches
225,Raúl Jiménez\b561db50,mx MEX,FW,Wolves,29,1991,9.1,22,2.41,11,0,3,4,2,2,4,0.44,1,0,1,2,0,0,Matches
226,Joelinton\c17bfb65,br BRA,FWMF,Newcastle Utd,23,1996,22.0,52,2.36,31,0,6,2,10,3,8,0.36,3,0,2,1,2,0,Matches
227,Ben Johnson\9319781b,eng ENG,DF,West Ham,20,2000,5.8,5,0.86,5,0,0,0,0,0,0,0.00,0,0,0,0,0,0,Matches
228,Sam Johnstone\9e5708be,eng ENG,GK,West Brom,27,1993,37.0,3,0.08,2,1,0,0,0,0,1,0.03,1,0,0,0,0,0,Matches
229,Curtis Jones\4fb9c88f,eng ENG,MF,Liverpool,19,2001,13.1,37,2.82,30,0,2,0,2,3,4,0.31,4,0,0,0,0,0,Matches
230,Jorginho\45db685d,it ITA,MF,Chelsea,28,1991,22.3,51,2.28,48,0,1,0,0,2,3,0.13,3,0,0,0,0,0,Matches
231,Willian José\d87e2cae,br BRA,FW,Wolves,28,1991,12.3,19,1.54,13,0,1,2,2,1,1,0.08,0,0,0,0,1,0,Matches
232,Diogo Jota\178ae8f8,pt POR,FW,Liverpool,23,1996,12.4,34,2.75,20,0,2,5,5,2,3,0.24,1,0,1,0,1,0,Matches
233,James Justin\fb614c44,eng ENG,DF,Leicester City,22,1998,23.0,48,2.09,37,2,3,0,6,0,7,0.30,5,0,1,0,1,0,Matches
234,Ozan Kabak\2d61d13a,tr TUR,DF,Liverpool,20,2000,8.9,1,0.11,1,0,0,0,0,0,0,0.00,0,0,0,0,0,0,Matches
235,Aboubakar Kamara\4047c976,mr MTN,FWDF,Fulham,25,1995,3.5,10,2.86,9,0,1,0,0,0,0,0.00,0,0,0,0,0,0,Matches
236,Harry Kane\21a66f6a,eng ENG,FW,Tottenham,27,1993,34.2,113,3.30,70,2,18,9,12,2,25,0.73,15,1,6,0,3,0,Matches
237,N'Golo Kanté\b9fbae28,fr FRA,MF,Chelsea,29,1991,23.8,47,1.97,42,0,2,1,0,2,1,0.04,1,0,0,0,0,0,Matches
238,Moise Kean\3d50bcdb,it ITA,FW,Everton,20,2000,0.2,0,0.00,0,0,0,0,0,0,0,0.00,0,0,0,0,0,0,Matches
239,Michael Keane\c5b7c315,eng ENG,DF,Everton,27,1993,33.2,22,0.66,21,0,0,1,0,0,3,0.09,3,0,0,0,0,0,Matches
240,Neeskens Kebano\18b999f4,cd COD,FWMF,Fulham,28,1992,1.3,3,2.27,2,0,0,1,0,0,0,0.00,0,0,0,0,0,0,Matches
241,Naby Keïta\f25c8e3a,gn GUI,MF,Liverpool,25,1995,5.8,15,2.60,12,0,1,2,0,0,1,0.17,1,0,0,0,0,0,Matches
242,Caoimhín Kelleher\62d7ef38,ie IRL,GK,Liverpool,21,1998,2.0,0,0.00,0,0,0,0,0,0,0,0.00,0,0,0,0,0,0,Matches
243,Martin Kelly\d7492450,eng ENG,DF,Crystal Palace,30,1990,0.0,0,0.00,0,0,0,0,0,0,0,0.00,0,0,0,0,0,0,Matches
244,Jonjoe Kenny\099e666f,eng ENG,DFFW,Everton,23,1997,0.9,1,1.14,1,0,0,0,0,0,0,0.00,0,0,0,0,0,0,Matches
245,Reda Khadra\88acf83f,de GER,FW,Brighton,19,2001,0.1,0,0.00,0,0,0,0,0,0,0,0.00,0,0,0,0,0,0,Matches
246,Max Kilman\d0f72bf1,eng ENG,DF,Wolves,23,1997,14.6,7,0.48,5,0,0,0,0,2,1,0.07,1,0,0,0,0,0,Matches
247,Joshua King\43458538,no NOR,MFFW,Everton,28,1992,1.6,2,1.22,1,0,0,1,0,0,0,0.00,0,0,0,0,0,0,Matches
248,Mateusz Klich\282679b4,pl POL,MF,Leeds United,30,1990,26.6,97,3.65,81,7,2,5,2,0,13,0.49,11,1,1,0,0,0,Matches
249,Robin Koch\ea6bc03a,de GER,DFMF,Leeds United,24,1996,12.6,10,0.80,10,0,0,0,0,0,2,0.16,2,0,0,0,0,0,Matches
250,Sead Kolašinac\3935e52e,ba BIH,DF,Arsenal,27,1993,1.0,0,0.00,0,0,0,0,0,0,0,0.00,0,0,0,0,0,0,Matches
251,Terence Kongolo\1f9a3a04,nl NED,DF,Fulham,26,1994,1.0,1,1.00,1,0,0,0,0,0,0,0.00,0,0,0,0,0,0,Matches
252,Ezri Konsa\0313a347,eng ENG,DF,Aston Villa,22,1997,35.5,5,0.14,4,0,0,1,0,0,0,0.00,0,0,0,0,0,0,Matches
253,Cheikhou Kouyaté\8d3c902d,sn SEN,DF,Crystal Palace,30,1989,34.7,16,0.46,14,0,0,1,1,0,2,0.06,2,0,0,0,0,0,Matches
254,Mateo Kovačić\79c0821a,hr CRO,MF,Chelsea,26,1994,20.2,49,2.43,42,0,2,1,3,1,4,0.20,4,0,0,0,0,0,Matches
255,Emil Krafth\77cf6852,se SWE,DF,Newcastle Utd,25,1994,14.3,14,0.98,11,2,1,0,0,0,1,0.07,1,0,0,0,0,0,Matches
256,Filip Krovinović\c2dfedeb,hr CRO,MF,West Brom,24,1995,6.1,17,2.80,10,3,3,0,1,0,1,0.16,1,0,0,0,0,0,Matches
257,Alexandre Lacazette\9dbb75ca,fr FRA,FW,Arsenal,29,1991,21.4,46,2.15,28,0,3,2,9,4,5,0.23,3,0,0,1,1,0,Matches
258,Adam Lallana\99813635,eng ENG,MFFW,Brighton,32,1988,17.7,48,2.71,44,0,0,1,2,1,4,0.23,3,0,0,1,0,0,Matches
259,Érik Lamela\abe66106,ar ARG,FWMF,Tottenham,28,1992,8.0,26,3.26,15,3,1,1,4,2,5,0.63,2,1,0,1,0,1,Matches
260,Tariq Lamptey\f4e433d4,eng ENG,DF,Brighton,19,2000,9.8,24,2.44,19,0,1,0,4,0,4,0.41,2,0,0,0,2,0,Matches
261,Manuel Lanzini\26f6dca8,ar ARG,MFFW,West Ham,27,1993,6.3,20,3.18,14,1,1,2,1,1,4,0.64,2,0,0,1,1,0,Matches
262,Aymeric Laporte\119b9a8e,es ESP,DF,Manchester City,26,1994,14.9,9,0.60,9,0,0,0,0,0,1,0.07,1,0,0,0,0,0,Matches
263,Jamaal Lascelles\450ab6fc,eng ENG,DF,Newcastle Utd,26,1993,18.1,4,0.22,4,0,0,0,0,0,0,0.00,0,0,0,0,0,0,Matches
264,Maxime Le Marchand\321a71a7,fr FRA,DF,Fulham,30,1989,1.4,2,1.46,2,0,0,0,0,0,0,0.00,0,0,0,0,0,0,Matches
265,Mario Lemina\2b471f99,ga GAB,MF,Fulham,26,1993,18.9,25,1.32,17,0,5,1,1,1,2,0.11,0,0,0,0,1,1,Matches
266,Bernd Leno\2628fd2b,de GER,GK,Arsenal,28,1992,34.8,1,0.03,1,0,0,0,0,0,0,0.00,0,0,0,0,0,0,Matches
267,Khanya Leshabela\383e68b1,za RSA,MF,Leicester City,20,1999,0.1,1,9.00,1,0,0,0,0,0,0,0.00,0,0,0,0,0,0,Matches
268,Jamal Lewis\efb9215a,nir NIR,DF,Newcastle Utd,22,1998,20.4,29,1.42,24,3,1,0,1,0,2,0.10,2,0,0,0,0,0,Matches
269,Victor Lindelöf\f5deef4c,se SWE,DF,Manchester Utd,26,1994,28.7,9,0.31,9,0,0,0,0,0,1,0.03,1,0,0,0,0,0,Matches
270,Jesse Lingard\810e3c74,eng ENG,MFFW,West Ham,27,1992,15.8,61,3.86,42,6,2,5,6,0,11,0.70,6,2,0,2,1,0,Matches
271,Jake Livermore\b98570d1,eng ENG,MF,West Brom,30,1989,13.8,8,0.58,7,0,0,1,0,0,1,0.07,1,0,0,0,0,0,Matches
272,Diego Llorente\bba30585,es ESP,DF,Leeds United,26,1993,13.4,6,0.45,5,0,0,1,0,0,1,0.07,1,0,0,0,0,0,Matches
273,Hugo Lloris\8f62b6ee,fr FRA,GK,Tottenham,33,1986,38.0,1,0.03,1,0,0,0,0,0,1,0.03,1,0,0,0,0,0,Matches
274,Giovani Lo Celso\d7553721,ar ARG,MF,Tottenham,24,1996,10.5,30,2.86,21,3,0,1,4,1,3,0.29,3,0,0,0,0,0,Matches
275,Ruben Loftus-Cheek\e97fd090,eng ENG,MFFW,Fulham,24,1996,21.2,53,2.50,30,0,7,3,10,3,0,0.00,0,0,0,0,0,0,Matches
276,Ruben Loftus-Cheek\e97fd090,eng ENG,FW,Chelsea,24,1996,0.7,1,1.50,1,0,0,0,0,0,0,0.00,0,0,0,0,0,0,Matches
277,Kevin Long\5a4280b1,ie IRL,DF,Burnley,29,1990,7.1,0,0.00,0,0,0,0,0,0,0,0.00,0,0,0,0,0,0,Matches
278,Shane Long\9f472354,ie IRL,FW,Southampton,33,1987,2.3,0,0.00,0,0,0,0,0,0,0,0.00,0,0,0,0,0,0,Matches
279,Matthew Longstaff\c0027d2d,eng ENG,MF,Newcastle Utd,20,2000,4.2,2,0.48,2,0,0,0,0,0,0,0.00,0,0,0,0,0,0,Matches
280,Sean Longstaff\a2b105e0,eng ENG,MF,Newcastle Utd,22,1997,15.7,21,1.34,12,5,1,0,2,1,2,0.13,2,0,0,0,0,0,Matches
281,Ademola Lookman\7c104bb7,eng ENG,FWMF,Fulham,22,1997,30.5,115,3.77,74,25,5,6,4,1,11,0.36,6,3,2,0,0,0,Matches
282,Max Lowe\7af88b33,eng ENG,DF,Sheffield Utd,23,1997,6.1,7,1.15,4,1,1,1,0,0,0,0.00,0,0,0,0,0,0,Matches
283,Matthew Lowton\9a9c05db,eng ENG,DF,Burnley,31,1989,34.0,49,1.44,41,3,1,1,1,2,2,0.06,2,0,0,0,0,0,Matches
284,David Luiz\c0e27d1a,br BRA,DF,Arsenal,33,1987,15.5,10,0.64,8,0,1,0,0,1,1,0.06,1,0,0,0,0,0,Matches
285,Douglas Luiz\6f7d826d,br BRA,MF,Aston Villa,22,1998,30.9,46,1.49,42,2,0,1,1,0,5,0.16,5,0,0,0,0,0,Matches
286,John Lundstram\0df2b165,eng ENG,MF,Sheffield Utd,26,1994,22.6,37,1.64,30,5,1,0,0,1,3,0.13,2,1,0,0,0,0,Matches
287,Alexis Mac Allister\83d074ff,ar ARG,MFFW,Brighton,21,1998,12.4,30,2.42,27,0,0,2,1,0,2,0.16,2,0,0,0,0,0,Matches
288,James Maddison\ee38d9c5,eng ENG,MFFW,Leicester City,23,1996,23.3,105,4.50,60,20,7,5,9,4,11,0.47,7,1,0,0,2,1,Matches
289,Harry Maguire\d8931174,eng ENG,DF,Manchester Utd,27,1993,33.9,31,0.92,23,0,1,4,1,2,6,0.18,4,0,0,1,0,1,Matches
290,Riyad Mahrez\892d5bb1,dz ALG,FW,Manchester City,29,1991,21.7,84,3.88,58,7,5,8,3,3,14,0.65,9,1,2,1,0,1,Matches
291,Ainsley Maitland-Niles\e3a5814e,eng ENG,MF,West Brom,22,1997,13.7,18,1.32,15,0,0,0,3,0,2,0.15,1,0,0,0,1,0,Matches
292,Ainsley Maitland-Niles\e3a5814e,eng ENG,DF,Arsenal,22,1997,5.4,11,2.02,7,1,2,0,1,0,1,0.18,0,0,0,0,1,0,Matches
293,Josh Maja\bc0bfc64,ng NGA,FWMF,Fulham,21,1998,9.0,18,2.00,12,0,4,2,0,0,0,0.00,0,0,0,0,0,0,Matches
294,Sadio Mané\c691bfe2,sn SEN,FW,Liverpool,28,1992,31.2,124,3.97,88,1,10,9,14,2,12,0.38,7,0,0,3,1,1,Matches
295,Javier Manquillo\758dd7f0,es ESP,DF,Newcastle Utd,26,1994,9.2,8,0.87,7,1,0,0,0,0,0,0.00,0,0,0,0,0,0,Matches
296,Fernando Marçal\9ae9eaea,br BRA,DF,Wolves,31,1989,6.9,4,0.58,4,0,0,0,0,0,0,0.00,0,0,0,0,0,0,Matches
297,Solly March\bb5fbd2b,eng ENG,DF,Brighton,26,1994,18.6,52,2.80,39,7,4,2,0,0,3,0.16,2,1,0,0,0,0,Matches
298,Pablo Marí\aa54ec6f,es ESP,DF,Arsenal,26,1993,10.0,2,0.20,1,0,0,1,0,0,0,0.00,0,0,0,0,0,0,Matches
299,Anthony Martial\8b788c01,fr FRA,FW,Manchester Utd,24,1995,16.4,43,2.61,28,0,3,4,7,1,8,0.49,2,0,0,2,4,0,Matches
300,Martinelli\48a5a5d6,br BRA,FW,Arsenal,19,2001,6.5,21,3.21,15,0,3,2,1,0,1,0.15,1,0,0,0,0,0,Matches
301,Emiliano Martínez\7956236f,ar ARG,GK,Aston Villa,27,1992,38.0,6,0.16,6,0,0,0,0,0,1,0.03,1,0,0,0,0,0,Matches
302,Arthur Masuaku\57df7a11,cd COD,DFFW,West Ham,26,1993,11.2,32,2.86,23,2,4,2,1,0,4,0.36,4,0,0,0,0,0,Matches
303,Juan Mata\29733c72,es ESP,FWMF,Manchester Utd,32,1988,5.7,18,3.18,12,4,0,2,0,0,5,0.88,3,1,0,1,0,0,Matches
304,Jean-Philippe Mateta\50e6dc35,fr FRA,FW,Crystal Palace,23,1997,2.5,3,1.22,2,0,0,0,0,1,0,0.00,0,0,0,0,0,0,Matches
305,Nemanja Matić\eb7822d7,rs SRB,MF,Manchester Utd,31,1988,12.3,20,1.63,18,0,0,2,0,0,3,0.24,3,0,0,0,0,0,Matches
306,Joël Matip\b217ef29,cm CMR,DF,Liverpool,28,1991,7.7,6,0.78,5,0,0,1,0,0,2,0.26,1,0,0,1,0,0,Matches
307,Neal Maupay\4bcf39f6,fr FRA,FWMF,Brighton,23,1996,27.9,79,2.83,52,1,10,5,8,3,8,0.29,5,0,0,1,2,0,Matches
308,James McArthur\cee31595,sct SCO,MF,Crystal Palace,32,1987,16.3,19,1.17,18,0,0,0,1,0,2,0.12,2,0,0,0,0,0,Matches
309,Oliver McBurnie\78b8ac63,sct SCO,FW,Sheffield Utd,24,1996,14.7,29,1.97,24,0,0,4,1,0,3,0.20,1,0,0,1,1,0,Matches
310,Alex McCarthy\36c2ca73,eng ENG,GK,Southampton,30,1989,30.0,1,0.03,1,0,0,0,0,0,0,0.00,0,0,0,0,0,0,Matches
311,James McCarthy\64b08de7,ie IRL,MF,Crystal Palace,29,1990,9.1,12,1.32,10,1,0,0,0,1,1,0.11,0,0,0,0,0,1,Matches
312,John McGinn\90f91999,sct SCO,MF,Aston Villa,25,1994,37.0,100,2.70,82,2,3,2,9,2,12,0.32,8,1,1,1,1,0,Matches
313,David McGoldrick\dbe56a33,ie IRL,FWMF,Sheffield Utd,32,1987,26.6,52,1.95,31,1,8,4,5,3,1,0.04,1,0,0,0,0,0,Matches
314,Dwight McNeil\fc15fb84,eng ENG,MF,Burnley,20,1999,34.1,80,2.35,42,27,2,1,6,2,9,0.26,4,3,1,0,0,1,Matches
315,Scott McTominay\d93c2511,sct SCO,MF,Manchester Utd,23,1996,23.7,33,1.40,24,0,0,1,6,2,3,0.13,1,0,0,0,1,1,Matches
316,Ben Mee\8df7a2fb,eng ENG,DF,Burnley,30,1989,29.9,11,0.37,6,2,0,2,1,0,1,0.03,1,0,0,0,0,0,Matches
317,Hannibal Mejbri\ca22ccb0,tn TUN,MF,Manchester Utd,17,2003,0.1,0,0.00,0,0,0,0,0,0,0,0.00,0,0,0,0,0,0,Matches
318,Benjamin Mendy\5271c8f1,fr FRA,DF,Manchester City,26,1994,10.6,17,1.61,13,0,4,0,0,0,3,0.28,2,0,1,0,0,0,Matches
319,Edouard Mendy\33887998,sn SEN,GK,Chelsea,28,1992,30.5,3,0.10,1,2,0,0,0,0,0,0.00,0,0,0,0,0,0,Matches
320,Nampalys Mendy\1598599e,sn SEN,MF,Leicester City,28,1992,16.2,15,0.93,11,0,0,0,2,2,2,0.12,2,0,0,0,0,0,Matches
321,Illan Meslier\6b625ac2,fr FRA,GK,Leeds United,20,2000,35.0,3,0.09,3,0,0,0,0,0,1,0.03,1,0,0,0,0,0,Matches
322,Luka Milivojević\2ce2508a,rs SRB,MF,Crystal Palace,29,1991,26.2,39,1.49,22,13,1,1,1,1,3,0.11,2,1,0,0,0,0,Matches
323,James Milner\2f90f6b8,eng ENG,MFDF,Liverpool,34,1986,11.9,22,1.85,17,3,1,0,0,1,1,0.08,0,1,0,0,0,0,Matches
324,Yerry Mina\6d5701f2,co COL,DF,Everton,25,1994,21.5,4,0.19,4,0,0,0,0,0,0,0.00,0,0,0,0,0,0,Matches
325,Takumi Minamino\f833a830,jp JPN,MFFW,Liverpool,25,1995,3.3,6,1.84,3,0,1,1,1,0,1,0.31,0,0,1,0,0,0,Matches
326,Takumi Minamino\f833a830,jp JPN,MFFW,Southampton,25,1995,7.9,11,1.39,8,0,0,1,2,0,1,0.13,1,0,0,0,0,0,Matches
327,Tyrone Mings\8397a50c,eng ENG,DF,Aston Villa,27,1993,35.5,14,0.39,12,0,1,1,0,0,2,0.06,2,0,0,0,0,0,Matches
328,Tyrick Mitchell\5cbd1eb0,eng ENG,DF,Crystal Palace,20,1999,19.0,9,0.47,9,0,0,0,0,0,3,0.16,3,0,0,0,0,0,Matches
329,Aleksandar Mitrović\3925dbd6,rs SRB,FW,Fulham,25,1994,15.6,47,3.02,36,1,5,1,2,2,5,0.32,3,0,1,1,0,0,Matches
330,Jakub Moder\f230bc30,pl POL,DFMF,Brighton,21,1999,7.2,11,1.53,7,1,1,1,0,1,1,0.14,1,0,0,0,0,0,Matches
331,Jayson Molumby\c908a1bc,ie IRL,MF,Brighton,20,1999,0.0,0,0.00,0,0,0,0,0,0,0,0.00,0,0,0,0,0,0,Matches
332,Wesley Moraes\bfae110f,br BRA,MFFW,Aston Villa,23,1996,0.2,1,5.00,0,0,0,0,1,0,0,0.00,0,0,0,0,0,0,Matches
333,Wes Morgan\80c31c97,jm JAM,DF,Leicester City,36,1984,0.2,0,0.00,0,0,0,0,0,0,0,0.00,0,0,0,0,0,0,Matches
334,Mason Mount\9674002f,eng ENG,MFFW,Chelsea,21,1999,32.1,163,5.08,89,47,10,7,8,2,14,0.44,5,5,1,2,1,0,Matches
335,Lucas Moura\2b622f01,br BRA,FWMF,Tottenham,27,1992,15.7,36,2.30,27,2,1,1,3,2,8,0.51,6,0,0,1,0,1,Matches
336,Lys Mousset\d9cfca3d,fr FRA,FWMF,Sheffield Utd,24,1996,3.3,4,1.22,3,0,1,0,0,0,0,0.00,0,0,0,0,0,0,Matches
337,João Moutinho\f5a00fa4,pt POR,MF,Wolves,33,1986,28.1,91,3.24,55,29,0,2,2,3,4,0.14,1,2,0,0,1,0,Matches
338,Joel Mumbongo\f8e588df,se SWE,FW,Burnley,21,1999,0.4,0,0.00,0,0,0,0,0,0,0,0.00,0,0,0,0,0,0,Matches
339,Jacob Murphy\de112b84,eng ENG,DFMF,Newcastle Utd,25,1995,18.1,37,2.05,23,4,4,2,2,2,4,0.22,4,0,0,0,0,0,Matches
340,Shkodran Mustafi\3f2d59fe,de GER,DF,Arsenal,28,1992,0.5,0,0.00,0,0,0,0,0,0,0,0.00,0,0,0,0,0,0,Matches
341,Marvelous Nakamba\de5b5570,zw ZIM,MF,Aston Villa,26,1994,8.3,4,0.48,4,0,0,0,0,0,0,0.00,0,0,0,0,0,0,Matches
342,Iliman Ndiaye\5ed97752,fr FRA,MF,Sheffield Utd,20,2000,0.1,0,0.00,0,0,0,0,0,0,0,0.00,0,0,0,0,0,0,Matches
343,Wilfred Ndidi\6b47c5db,ng NGA,MFDF,Leicester City,23,1996,24.2,33,1.36,27,0,0,0,1,5,8,0.33,7,0,0,0,0,1,Matches
344,Tanguy Ndombele\5cdddffa,fr FRA,MF,Tottenham,23,1996,23.2,57,2.45,42,0,4,2,7,2,8,0.34,7,0,0,1,0,0,Matches
345,Reiss Nelson\c5bdb6e3,eng ENG,FW,Arsenal,20,1999,0.8,1,1.27,1,0,0,0,0,0,0,0.00,0,0,0,0,0,0,Matches
346,Pedro Neto\7ba2eaa9,pt POR,FWMF,Wolves,20,2000,28.3,111,3.92,59,24,13,6,8,1,9,0.32,4,2,1,2,0,0,Matches
347,Rúben Neves\44bfb6c5,pt POR,MF,Wolves,23,1997,29.7,62,2.09,50,3,3,2,1,3,2,0.07,2,0,0,0,0,0,Matches
348,Eddie Nketiah\a53649b7,eng ENG,FW,Arsenal,21,1999,4.7,8,1.70,6,0,0,0,1,1,1,0.21,1,0,0,0,0,0,Matches
349,Niels Nkounkou\f5b281e7,fr FRA,DFFW,Everton,19,2000,0.9,1,1.11,1,0,0,0,0,0,0,0.00,0,0,0,0,0,0,Matches
350,Dan Nlundulu\30040f5d,eng ENG,FW,Southampton,21,1999,1.2,1,0.81,1,0,0,0,0,0,0,0.00,0,0,0,0,0,0,Matches
351,Mark Noble\ff527768,eng ENG,MF,West Ham,33,1987,7.9,7,0.88,4,3,0,0,0,0,0,0.00,0,0,0,0,0,0,Matches
352,Will Norris\c73ada83,eng ENG,GK,Burnley,26,1993,2.0,1,0.50,1,0,0,0,0,0,0,0.00,0,0,0,0,0,0,Matches
353,Oliver Norwood\43439614,nir NIR,MF,Sheffield Utd,29,1991,24.7,45,1.82,31,14,0,0,0,0,1,0.04,1,0,0,0,0,0,Matches
354,Jack O'Connell\312626c1,eng ENG,DF,Sheffield Utd,26,1994,2.0,0,0.00,0,0,0,0,0,0,0,0.00,0,0,0,0,0,0,Matches
355,Dara O'Shea\1d042188,ie IRL,DF,West Brom,21,1999,23.4,17,0.73,14,2,0,0,1,0,2,0.09,1,1,0,0,0,0,Matches
356,Michael Obafemi\caa1a7f0,ie IRL,FW,Southampton,20,2000,0.7,1,1.48,1,0,0,0,0,0,0,0.00,0,0,0,0,0,0,Matches
357,Denis Odoi\f7750aa0,be BEL,DF,Fulham,32,1988,3.0,5,1.67,5,0,0,0,0,0,0,0.00,0,0,0,0,0,0,Matches
358,Angelo Ogbonna\74b2cd7e,it ITA,DF,West Ham,32,1988,27.7,6,0.22,6,0,0,0,0,0,0,0.00,0,0,0,0,0,0,Matches
359,Robin Olsen\e7ee38c3,se SWE,GK,Everton,30,1990,7.0,1,0.14,1,0,0,0,0,0,0,0.00,0,0,0,0,0,0,Matches
360,Josh Onomah\6612cd8c,eng ENG,MF,Fulham,23,1997,4.2,6,1.44,5,0,0,0,0,1,0,0.00,0,0,0,0,0,0,Matches
361,Divock Origi\43a166b4,be BEL,FW,Liverpool,25,1995,2.1,3,1.45,3,0,0,0,0,0,0,0.00,0,0,0,0,0,0,Matches
362,Ben Osborn\79bc4c45,eng ENG,MFDF,Sheffield Utd,25,1994,17.8,29,1.63,25,4,0,0,0,0,0,0.00,0,0,0,0,0,0,Matches
363,Owen Otasowie\6956ff08,us USA,MFFW,Wolves,19,2001,2.1,7,3.37,4,0,0,1,2,0,1,0.48,1,0,0,0,0,0,Matches
364,Alex Oxlade-Chamberlain\38c7feef,eng ENG,FWMF,Liverpool,26,1993,2.8,5,1.78,5,0,0,0,0,0,2,0.71,2,0,0,0,0,0,Matches
365,Emerson Palmieri\e0bc6fdc,it ITA,DF,Chelsea,25,1994,1.0,0,0.00,0,0,0,0,0,0,0,0.00,0,0,0,0,0,0,Matches
366,Thomas Partey\529f49ab,gh GHA,MF,Arsenal,27,1993,17.0,29,1.70,28,0,1,0,0,0,4,0.23,3,0,1,0,0,0,Matches
367,Rui Patrício\79b0d6a0,pt POR,GK,Wolves,32,1988,37.0,1,0.03,1,0,0,0,0,0,0,0.00,0,0,0,0,0,0,Matches
368,Bailey Peacock-Farrell\4879f8cb,nir NIR,GK,Burnley,23,1996,4.0,1,0.25,0,1,0,0,0,0,0,0.00,0,0,0,0,0,0,Matches
369,Lee Peltier\af341b88,eng ENG,DF,West Brom,33,1986,2.5,2,0.79,2,0,0,0,0,0,1,0.39,1,0,0,0,0,0,Matches
370,Nicolas Pépé\57e3f0c7,ci CIV,FW,Arsenal,25,1995,18.0,37,2.06,24,3,4,3,3,0,9,0.50,4,0,2,2,1,0,Matches
371,Matheus Pereira\b04ee927,pt POR,MFFW,West Brom,24,1996,28.6,103,3.60,65,25,5,1,6,1,12,0.42,8,1,0,0,2,1,Matches
372,Ricardo Pereira\75a72a99,pt POR,DF,Leicester City,26,1993,10.7,19,1.78,18,0,0,0,0,1,2,0.19,1,0,0,0,0,1,Matches
373,Ayoze Pérez\819aa8e7,es ESP,MFFW,Leicester City,27,1993,14.8,48,3.25,32,2,5,5,3,1,6,0.41,5,0,1,0,0,0,Matches
374,Kalvin Phillips\4f565d77,eng ENG,MF,Leeds United,24,1995,27.0,58,2.15,33,19,0,1,2,3,1,0.04,1,0,0,0,0,0,Matches
375,Matt Phillips\7bb5f40e,sct SCO,MFFW,West Brom,29,1991,20.3,44,2.17,32,8,4,0,0,0,2,0.10,2,0,0,0,0,0,Matches
376,Nathaniel Phillips\515ebe8d,eng ENG,DF,Liverpool,23,1997,16.2,11,0.68,10,0,0,1,0,0,1,0.06,0,0,0,1,0,0,Matches
377,Jaden Philogene Bidace\19f4d211,eng ENG,FW,Aston Villa,18,2002,0.0,0,0.00,0,0,0,0,0,0,0,0.00,0,0,0,0,0,0,Matches
378,Jordan Pickford\4806ec67,eng ENG,GK,Everton,26,1994,30.5,7,0.23,4,3,0,0,0,0,2,0.07,2,0,0,0,0,0,Matches
379,Erik Pieters\1ef37668,nl NED,DFMF,Burnley,31,1988,14.1,15,1.07,11,1,0,1,2,0,3,0.21,1,0,0,1,1,0,Matches
380,Daniel Podence\7fcc71d8,pt POR,MFFW,Wolves,24,1995,18.5,61,3.31,42,1,10,1,6,1,7,0.38,3,0,4,0,0,0,Matches
381,Paul Pogba\867239d3,fr FRA,MFFW,Manchester Utd,27,1993,21.1,68,3.23,48,1,4,5,7,3,7,0.33,2,0,2,1,2,0,Matches
382,Nick Pope\4b40d9ca,eng ENG,GK,Burnley,28,1992,32.0,8,0.25,5,3,0,0,0,0,0,0.00,0,0,0,0,0,0,Matches
383,Dennis Praet\86695068,be BEL,MFFW,Leicester City,26,1994,8.0,13,1.63,12,0,0,0,0,1,2,0.25,2,0,0,0,0,0,Matches
384,Davy Pröpper\fdd85f94,nl NED,MF,Brighton,28,1991,2.4,1,0.42,1,0,0,0,0,0,0,0.00,0,0,0,0,0,0,Matches
385,Christian Pulisic\1bf33a9a,us USA,FWMF,Chelsea,21,1998,19.3,67,3.47,52,1,5,2,5,2,8,0.41,7,0,0,1,0,0,Matches
386,Aaron Ramsdale\466fb2c5,eng ENG,GK,Sheffield Utd,22,1998,38.0,8,0.21,7,1,0,0,0,0,0,0.00,0,0,0,0,0,0,Matches
387,Jacob Ramsey\1544f145,eng ENG,MFFW,Aston Villa,19,2001,7.0,14,2.01,13,0,0,1,0,0,1,0.14,1,0,0,0,0,0,Matches
388,Kayne Ramsey\dc31b84c,eng ENG,DF,Southampton,19,2000,1.0,0,0.00,0,0,0,0,0,0,0,0.00,0,0,0,0,0,0,Matches
389,Darren Randolph\6385ebfb,ie IRL,GK,West Ham,33,1987,3.0,0,0.00,0,0,0,0,0,0,0,0.00,0,0,0,0,0,0,Matches
390,Marcus Rashford\a1d5bd30,eng ENG,FW,Manchester Utd,22,1997,32.4,105,3.24,75,0,16,5,9,0,18,0.55,15,0,2,0,1,0,Matches
391,Tim Ream\28b40c9c,us USA,DF,Fulham,32,1987,7.0,1,0.14,1,0,0,0,0,0,0,0.00,0,0,0,0,0,0,Matches
392,Nathan Redmond\ab651565,eng ENG,MFFW,Southampton,26,1994,19.3,58,3.00,39,0,10,3,4,2,4,0.21,4,0,0,0,0,0,Matches
393,Harrison Reed\803ae100,eng ENG,MF,Fulham,25,1995,25.0,40,1.60,32,6,0,2,0,0,3,0.12,2,0,0,1,0,0,Matches
394,Sergio Reguilón\3353737a,es ESP,DF,Tottenham,23,1996,24.9,41,1.64,28,1,2,5,5,0,8,0.32,7,0,0,0,1,0,Matches
395,Bobby Reid\0f7533cd,jm JAM,MFDF,Fulham,27,1993,26.4,33,1.25,24,0,2,2,3,2,5,0.19,4,0,0,0,1,0,Matches
396,Declan Rice\1c7012b8,eng ENG,MF,West Ham,21,1999,32.0,49,1.53,41,1,3,2,1,1,3,0.09,2,0,0,1,0,0,Matches
397,Lewis Richardson\4fa62ae4,eng ENG,FWMF,Burnley,17,2003,0.0,0,0.00,0,0,0,0,0,0,0,0.00,0,0,0,0,0,0,Matches
398,Richarlison\fa031b34,br BRA,FW,Everton,23,1997,31.8,80,2.52,51,0,9,5,14,1,9,0.28,5,0,2,1,1,0,Matches
399,Jaïro Riedewald\7a1f2c08,nl NED,MF,Crystal Palace,23,1996,20.2,19,0.94,18,0,0,1,0,0,0,0.00,0,0,0,0,0,0,Matches
400,Matt Ritchie\71ef519e,sct SCO,DFMF,Newcastle Utd,30,1989,15.0,40,2.67,19,16,0,1,2,2,4,0.27,1,1,0,0,1,1,Matches
401,Tyler Roberts\6c17e046,wls WAL,MFFW,Leeds United,21,1999,14.9,36,2.42,28,0,3,1,4,0,3,0.20,3,0,0,0,0,0,Matches
402,Andrew Robertson\2e4f5f03,sct SCO,DF,Liverpool,26,1994,37.6,106,2.82,80,19,4,1,0,2,15,0.40,10,2,2,1,0,0,Matches
403,Antonee Robinson\289601e6,us USA,DF,Fulham,22,1997,24.0,53,2.21,46,3,1,0,2,1,2,0.08,2,0,0,0,0,0,Matches
404,Callum Robinson\e75750a3,ie IRL,FWMF,West Brom,25,1995,17.3,40,2.31,27,0,7,2,4,0,4,0.23,1,0,1,0,2,0,Matches
405,Jack Robinson\7399c7a8,eng ENG,DF,Sheffield Utd,26,1993,9.7,6,0.62,3,0,1,1,1,0,4,0.41,2,0,1,0,1,0,Matches
406,Hal Robson-Kanu\fb2dec57,wls WAL,FWMF,West Brom,31,1989,6.2,12,1.93,9,0,1,0,1,1,0,0.00,0,0,0,0,0,0,Matches
407,Marek Rodák\17acc2ed,sk SVK,GK,Fulham,23,1996,2.0,0,0.00,0,0,0,0,0,0,0,0.00,0,0,0,0,0,0,Matches
408,Joe Rodon\8d62d31a,wls WAL,DF,Tottenham,22,1997,8.1,0,0.00,0,0,0,0,0,0,0,0.00,0,0,0,0,0,0,Matches
409,Rodri\6434f10d,es ESP,MF,Manchester City,24,1996,30.5,73,2.39,58,1,6,3,1,4,8,0.26,6,0,1,0,0,1,Matches
410,Rodrigo\1fb1c435,es ESP,MFFW,Leeds United,29,1991,14.3,64,4.47,49,0,5,6,2,2,11,0.77,5,0,2,3,1,0,Matches
411,James Rodríguez\715bf047,co COL,FWMF,Everton,29,1991,19.6,72,3.67,44,16,4,0,6,2,13,0.66,8,4,0,0,1,0,Matches
412,Jay Rodriguez\4ab53cdb,eng ENG,FWMF,Burnley,31,1989,14.1,23,1.64,14,0,4,3,2,0,4,0.28,3,0,1,0,0,0,Matches
413,Oriol Romeu\4b511457,es ESP,MF,Southampton,28,1991,19.6,35,1.79,30,0,0,0,2,3,4,0.20,4,0,0,0,0,0,Matches
414,John Ruddy\da8b19e2,eng ENG,GK,Wolves,33,1986,1.0,0,0.00,0,0,0,0,0,0,0,0.00,0,0,0,0,0,0,Matches
415,Antonio Rüdiger\18b896d6,de GER,DF,Chelsea,27,1993,19.0,14,0.74,13,1,0,0,0,0,1,0.05,1,0,0,0,0,0,Matches
416,Mathew Ryan\4535e4bb,au AUS,GK,Brighton,28,1992,11.0,0,0.00,0,0,0,0,0,0,0,0.00,0,0,0,0,0,0,Matches
417,Mathew Ryan\4535e4bb,au AUS,GK,Arsenal,28,1992,3.0,0,0.00,0,0,0,0,0,0,0,0.00,0,0,0,0,0,0,Matches
418,Allan Saint-Maximin\2b16cb1a,fr FRA,FWMF,Newcastle Utd,23,1997,17.3,61,3.52,41,1,12,1,5,1,10,0.58,8,0,1,1,0,0,Matches
419,Romain Saïss\9fbbcf39,ma MAR,DF,Wolves,30,1990,26.7,16,0.60,13,1,1,1,0,0,1,0.04,1,0,0,0,0,0,Matches
420,Bukayo Saka\bc7dc64d,eng ENG,FWDF,Arsenal,18,2001,28.4,98,3.45,63,11,8,7,9,0,12,0.42,9,0,1,0,2,0,Matches
421,Mamadou Sakho\87935cf3,fr FRA,DF,Crystal Palace,30,1990,3.1,0,0.00,0,0,0,0,0,0,0,0.00,0,0,0,0,0,0,Matches
422,Mohamed Salah\e342ad68,eg EGY,FW,Liverpool,28,1992,34.2,117,3.42,87,1,6,12,7,4,14,0.41,10,0,0,2,2,0,Matches
423,Mohammed Salisu\0b33f6ad,gh GHA,DF,Southampton,21,1999,9.4,5,0.53,4,0,0,1,0,0,0,0.00,0,0,0,0,0,0,Matches
424,Davinson Sánchez\da7b447d,co COL,DF,Tottenham,24,1996,16.5,5,0.30,3,1,0,1,0,0,1,0.06,1,0,0,0,0,0,Matches
425,Robert Sánchez\6a713852,es ESP,GK,Brighton,22,1997,27.0,0,0.00,0,0,0,0,0,0,0,0.00,0,0,0,0,0,0,Matches
426,Morgan Sanson\6e7f1353,fr FRA,MF,Aston Villa,25,1994,3.3,4,1.22,4,0,0,0,0,0,0,0.00,0,0,0,0,0,0,Matches
427,Romaine Sawyers\77bb1522,kn SKN,MF,West Brom,28,1991,16.5,13,0.79,12,0,0,0,1,0,2,0.12,2,0,0,0,0,0,Matches
428,Dane Scarlett\21945a9e,eng ENG,FW,Tottenham,16,2004,0.0,0,0.00,0,0,0,0,0,0,0,0.00,0,0,0,0,0,0,Matches
429,Fabian Schär\c8aa95da,ch SUI,DF,Newcastle Utd,28,1991,13.8,9,0.65,7,0,0,0,1,1,1,0.07,1,0,0,0,0,0,Matches
430,Jeffrey Schlupp\3312f911,gh GHA,MF,Crystal Palace,27,1992,15.9,34,2.14,26,0,2,1,5,0,6,0.38,4,0,0,1,1,0,Matches
431,Kasper Schmeichel\53af52f3,dk DEN,GK,Leicester City,33,1986,38.0,1,0.03,1,0,0,0,0,0,0,0.00,0,0,0,0,0,0,Matches
432,Nélson Semedo\d04b94db,pt POR,DF,Wolves,26,1993,33.1,58,1.75,45,5,2,3,1,2,5,0.15,4,0,0,1,0,0,Matches
433,Femi Seriki\e4e0deaa,eng ENG,DF,Sheffield Utd,18,2002,0.0,0,0.00,0,0,0,0,0,0,0,0.00,0,0,0,0,0,0,Matches
434,Jamie Shackleton\8d03ca5a,eng ENG,MFDF,Leeds United,20,1999,5.1,6,1.17,6,0,0,0,0,0,1,0.20,1,0,0,0,0,0,Matches
435,Xherdan Shaqiri\6421ec64,ch SUI,MFFW,Liverpool,28,1991,6.2,32,5.18,30,2,0,0,0,0,3,0.49,3,0,0,0,0,0,Matches
436,Billy Sharp\e8c9f4e9,eng ENG,FW,Sheffield Utd,34,1986,8.2,5,0.61,5,0,0,0,0,0,0,0.00,0,0,0,0,0,0,Matches
437,Luke Shaw\9c94165b,eng ENG,DF,Manchester Utd,25,1995,29.5,111,3.76,70,35,1,1,4,0,11,0.37,6,3,0,0,2,0,Matches
438,Jonjo Shelvey\3727dd3c,eng ENG,MF,Newcastle Utd,28,1992,29.1,66,2.27,37,25,0,2,1,1,8,0.28,5,3,0,0,0,0,Matches
439,Shola Shoretire\00f0482f,eng ENG,FW,Manchester Utd,16,2004,0.1,1,8.18,1,0,0,0,0,0,0,0.00,0,0,0,0,0,0,Matches
440,Gylfi Sigurðsson\76dd1480,is ISL,MF,Everton,30,1989,25.0,67,2.68,37,23,0,6,1,0,6,0.24,3,2,0,1,0,0,Matches
441,Bernardo Silva\3eb22ec9,pt POR,MFFW,Manchester City,25,1994,22.9,80,3.49,64,2,5,4,3,2,10,0.44,9,0,0,1,0,0,Matches
442,Fábio Silva\e7aa9d7c,pt POR,FW,Wolves,18,2002,15.2,31,2.04,17,0,3,6,4,1,4,0.26,3,0,0,0,1,0,Matches
443,Thiago Silva\86e7deaf,br BRA,DF,Chelsea,35,1984,21.5,18,0.84,17,0,0,1,0,0,1,0.05,1,0,0,0,0,0,Matches
444,Moussa Sissoko\2acd49b9,fr FRA,MF,Tottenham,30,1989,17.6,17,0.97,16,0,0,0,1,0,1,0.06,1,0,0,0,0,0,Matches
445,Islam Slimani\ffec9769,dz ALG,FW,Leicester City,32,1988,0.2,1,4.50,1,0,0,0,0,0,0,0.00,0,0,0,0,0,0,Matches
446,William Smallbone\5e105217,ie IRL,MF,Southampton,20,2000,1.9,3,1.57,2,0,0,1,0,0,0,0.00,0,0,0,0,0,0,Matches
447,Emile Smith Rowe\17695062,eng ENG,MFFW,Arsenal,20,2000,16.0,43,2.69,35,0,2,2,3,1,7,0.44,6,0,0,1,0,0,Matches
448,Robert Snodgrass\9f4647e9,sct SCO,FWDF,West Ham,32,1987,0.1,1,18.00,1,0,0,0,0,0,0,0.00,0,0,0,0,0,0,Matches
449,Robert Snodgrass\9f4647e9,sct SCO,MFFW,West Brom,32,1987,5.8,6,1.03,6,0,0,0,0,0,1,0.17,1,0,0,0,0,0,Matches
450,Cédric Soares\839c14e1,pt POR,DF,Arsenal,28,1991,8.3,14,1.69,9,2,2,0,0,1,3,0.36,2,0,0,0,0,1,Matches
451,Tomáš Souček\6613c819,cz CZE,MF,West Ham,25,1995,38.0,45,1.18,31,2,1,7,4,0,5,0.13,3,0,0,2,0,0,Matches
452,Çağlar Söyüncü\21166ff4,tr TUR,DF,Leicester City,24,1996,20.2,10,0.49,6,1,1,1,0,1,0,0.00,0,0,0,0,0,0,Matches
453,Zack Steffen\42130443,us USA,GK,Manchester City,25,1995,1.0,0,0.00,0,0,0,0,0,0,0,0.00,0,0,0,0,0,0,Matches
454,Dale Stephens\653ee42d,eng ENG,MF,Burnley,31,1989,2.9,2,0.69,2,0,0,0,0,0,0,0.00,0,0,0,0,0,0,Matches
455,Jack Stephens\6adbc307,eng ENG,DF,Southampton,26,1994,17.1,18,1.05,17,0,0,0,0,1,0,0.00,0,0,0,0,0,0,Matches
456,Raheem Sterling\b400bde0,eng ENG,FW,Manchester City,25,1994,28.2,100,3.55,68,0,14,8,10,0,15,0.53,9,0,3,2,1,0,Matches
457,Enda Stevens\17d4507a,ie IRL,DF,Sheffield Utd,30,1990,30.0,32,1.07,30,0,1,0,1,0,3,0.10,2,0,0,0,1,0,Matches
458,John Stones\5eecec3d,eng ENG,DF,Manchester City,26,1994,21.5,14,0.65,12,0,0,0,2,0,1,0.05,1,0,0,0,0,0,Matches
459,Pascal Struijk\f4d296e4,nl NED,DFMF,Leeds United,20,1999,23.1,12,0.52,11,0,0,1,0,0,2,0.09,2,0,0,0,0,0,Matches
460,Japhet Tanganga\e9971f2d,eng ENG,DF,Tottenham,21,1999,5.4,1,0.18,0,1,0,0,0,0,0,0.00,0,0,0,0,0,0,Matches
461,Matt Targett\e514ab62,eng ENG,DF,Aston Villa,24,1995,37.8,80,2.12,61,15,0,0,3,1,7,0.19,4,2,0,0,1,0,Matches
462,James Tarkowski\15ea812b,eng ENG,DF,Burnley,27,1992,36.0,25,0.69,16,4,0,2,2,1,0,0.00,0,0,0,0,0,0,Matches
463,Percy Tau\4d0eb7d2,za RSA,FWMF,Brighton,26,1994,1.1,5,4.37,4,0,1,0,0,0,1,0.87,1,0,0,0,0,0,Matches
464,Sidnei Tavares\3add8ed8,pt POR,MF,Leicester City,18,2001,0.9,1,1.06,0,0,0,1,0,0,0,0.00,0,0,0,0,0,0,Matches
465,Charlie Taylor\cc2d7ad5,eng ENG,DF,Burnley,26,1993,27.0,29,1.08,23,1,0,1,4,0,3,0.11,2,0,0,0,1,0,Matches
466,Neil Taylor\c2f9d19f,wls WAL,DF,Aston Villa,31,1989,0.2,0,0.00,0,0,0,0,0,0,0,0.00,0,0,0,0,0,0,Matches
467,Allan Tchaptchet\ab7d7882,fr FRA,DF,Southampton,18,2001,0.1,0,0.00,0,0,0,0,0,0,0,0.00,0,0,0,0,0,0,Matches
468,Nathan Tella\f1e94cd6,eng ENG,FWMF,Southampton,21,1999,8.3,19,2.30,10,0,3,0,6,0,2,0.24,1,0,0,0,1,0,Matches
469,Alex Telles\e73c9bb2,br BRA,DF,Manchester Utd,27,1992,7.7,21,2.74,9,9,0,2,1,0,3,0.39,2,1,0,0,0,0,Matches
470,Kenny Tete\77d7c96f,nl NED,DF,Fulham,24,1995,16.5,30,1.82,29,0,0,0,1,0,2,0.12,2,0,0,0,0,0,Matches
471,William Thomas Fish\b2ee9d2c,eng ENG,DF,Manchester Utd,17,2003,0.0,0,0.00,0,0,0,0,0,0,0,0.00,0,0,0,0,0,0,Matches
472,Luke Thomas\fc027d02,eng ENG,DF,Leicester City,19,2001,10.8,14,1.30,11,0,0,1,1,1,3,0.28,3,0,0,0,0,0,Matches
473,Youri Tielemans\56f7a928,be BEL,MF,Leicester City,23,1997,37.3,109,2.92,83,12,2,4,4,4,16,0.43,14,0,0,0,1,1,Matches
474,Kieran Tierney\fce2302c,sct SCO,DF,Arsenal,23,1997,25.5,58,2.27,46,2,5,1,4,0,7,0.27,3,0,2,0,2,0,Matches
475,James Tomkins\e7ca0439,eng ENG,DF,Crystal Palace,31,1989,6.1,3,0.49,2,0,0,1,0,0,0,0.00,0,0,0,0,0,0,Matches
476,Fikayo Tomori\7edfbb8a,eng ENG,DF,Chelsea,22,1997,0.5,0,0.00,0,0,0,0,0,0,0,0.00,0,0,0,0,0,0,Matches
477,Ferrán Torres\9e1035f8,es ESP,FWMF,Manchester City,20,2000,14.5,40,2.76,25,2,6,1,5,1,6,0.41,3,0,1,0,2,0,Matches
478,Cenk Tosun\9a104dee,tr TUR,FW,Everton,29,1991,0.5,2,3.75,2,0,0,0,0,0,1,1.87,1,0,0,0,0,0,Matches
479,Andros Townsend\b28bbd58,eng ENG,MFFW,Crystal Palace,29,1991,25.1,66,2.63,36,17,7,0,3,3,7,0.28,5,2,0,0,0,0,Matches
480,Conor Townsend\4dc4f138,eng ENG,DF,West Brom,27,1993,24.8,39,1.57,31,3,0,3,1,1,4,0.16,4,0,0,0,0,0,Matches
481,Adama Traoré\9a28eba4,es ESP,FW,Wolves,24,1996,29.4,113,3.84,74,0,21,3,13,2,6,0.20,3,0,1,1,1,0,Matches
482,Bertrand Traoré\c47541e0,bf BFA,FW,Aston Villa,24,1995,25.7,78,3.03,36,10,16,6,9,1,9,0.35,6,1,0,0,1,1,Matches
483,Trézéguet\3ae14ed1,eg EGY,FW,Aston Villa,25,1994,13.0,32,2.47,21,0,3,4,4,0,2,0.15,2,0,0,0,0,0,Matches
484,Leandro Trossard\38ceb24a,be BEL,FWMF,Brighton,25,1994,29.0,100,3.45,73,9,5,6,4,3,11,0.38,7,1,1,1,0,1,Matches
485,Kostas Tsimikas\f315ca93,gr GRE,DFFW,Liverpool,24,1996,0.1,0,0.00,0,0,0,0,0,0,0,0.00,0,0,0,0,0,0,Matches
486,Axel Tuanzebe\2baec6ce,eng ENG,DF,Manchester Utd,22,1997,4.5,0,0.00,0,0,0,0,0,0,0,0.00,0,0,0,0,0,0,Matches
487,Cengiz Ünder\1880614f,tr TUR,MFFW,Leicester City,23,1997,3.1,13,4.16,10,0,2,1,0,0,2,0.64,2,0,0,0,0,0,Matches
488,Yan Valery\531a4aa8,fr FRA,DFMF,Southampton,21,1999,1.1,0,0.00,0,0,0,0,0,0,0,0.00,0,0,0,0,0,0,Matches
489,Jamie Vardy\45963054,eng ENG,FW,Leicester City,33,1987,31.6,64,2.03,37,0,12,8,6,1,21,0.67,9,0,3,4,5,0,Matches
490,Joël Veltman\dad4b285,nl NED,DF,Brighton,28,1992,25.3,41,1.62,31,5,0,2,1,2,1,0.04,1,0,0,0,0,0,Matches
491,Jannik Vestergaard\1900032e,dk DEN,DF,Southampton,27,1992,28.6,20,0.70,17,0,0,2,1,0,4,0.14,2,0,0,1,1,0,Matches
492,Rúben Vinagre\b937e490,pt POR,DF,Wolves,21,1999,1.9,0,0.00,0,0,0,0,0,0,0,0.00,0,0,0,0,0,0,Matches
493,Carlos Vinícius\8b529245,br BRA,FW,Tottenham,25,1995,3.4,4,1.17,4,0,0,0,0,0,0,0.00,0,0,0,0,0,0,Matches
494,João Virgínia\728e9b2e,pt POR,GK,Everton,20,1999,0.5,0,0.00,0,0,0,0,0,0,0,0.00,0,0,0,0,0,0,Matches
495,Vitinha\3b029691,pt POR,MF,Wolves,20,2000,5.8,21,3.63,17,2,1,1,0,0,1,0.17,1,0,0,0,0,0,Matches
496,Jake Vokins\d484c261,eng ENG,DF,Southampton,20,2000,0.7,3,4.09,3,0,0,0,0,0,0,0.00,0,0,0,0,0,0,Matches
497,Matěj Vydra\0d4ceb32,cz CZE,FW,Burnley,28,1992,15.2,37,2.43,20,0,11,3,2,1,6,0.39,3,0,2,0,0,1,Matches
498,Theo Walcott\1ecb65be,eng ENG,MFFW,Southampton,31,1989,18.0,28,1.56,22,0,2,2,2,0,4,0.22,2,0,0,1,1,0,Matches
499,Theo Walcott\1ecb65be,eng ENG,FW,Everton,31,1989,0.1,0,0.00,0,0,0,0,0,0,0,0.00,0,0,0,0,0,0,Matches
500,Kyle Walker\86dd77d1,eng ENG,DF,Manchester City,30,1990,21.6,28,1.29,23,4,0,0,1,0,5,0.23,4,1,0,0,0,0,Matches
501,Kyle Walker-Peters\984a5a64,eng ENG,DF,Southampton,23,1997,29.4,42,1.43,33,0,3,1,2,3,7,0.24,4,0,0,0,2,1,Matches
502,Aaron Wan-Bissaka\9e525177,eng ENG,DF,Manchester Utd,22,1997,34.0,57,1.68,50,1,2,1,0,3,8,0.24,8,0,0,0,0,0,Matches
503,Joel Ward\8a7ff278,eng ENG,DF,Crystal Palace,30,1989,25.1,15,0.60,14,1,0,0,0,0,2,0.08,2,0,0,0,0,0,Matches
504,James Ward-Prowse\3515d404,eng ENG,MF,Southampton,25,1994,38.0,84,2.21,39,41,0,2,2,0,11,0.29,4,7,0,0,0,0,Matches
505,Ollie Watkins\aed3a70f,eng ENG,FW,Aston Villa,24,1995,37.0,98,2.65,74,0,4,11,5,4,14,0.38,9,0,1,4,0,0,Matches
506,Caleb Watts\c7170b46,au AUS,MFFW,Southampton,18,2002,0.4,1,2.31,0,0,0,0,1,0,0,0.00,0,0,0,0,0,0,Matches
507,Adam Webster\c40b6180,eng ENG,DF,Brighton,25,1995,28.8,20,0.69,18,0,0,1,1,0,1,0.03,1,0,0,0,0,0,Matches
508,Danny Welbeck\ce5143da,eng ENG,FW,Brighton,29,1990,17.2,50,2.91,34,0,3,7,6,0,5,0.29,2,0,0,1,2,0,Matches
509,Timo Werner\49fe9070,de GER,FW,Chelsea,24,1996,28.9,85,2.94,56,0,6,9,13,1,19,0.66,10,0,3,1,4,1,Matches
510,Ashley Westwood\495945ef,eng ENG,MF,Burnley,30,1990,37.9,84,2.22,59,21,1,0,1,2,5,0.13,3,2,0,0,0,0,Matches
511,Ben White\35e413f1,eng ENG,DFMF,Brighton,22,1997,35.5,26,0.73,22,0,1,0,1,2,3,0.08,3,0,0,0,0,0,Matches
512,Georginio Wijnaldum\eb58eef0,nl NED,MF,Liverpool,29,1990,32.7,53,1.62,46,0,2,2,3,0,2,0.06,1,0,0,1,0,0,Matches
513,Brandon Williams\5e74d6c8,eng ENG,DF,Manchester Utd,19,2000,2.1,1,0.48,1,0,0,0,0,0,0,0.00,0,0,0,0,0,0,Matches
514,Neco Williams\dd323728,wls WAL,DF,Liverpool,19,2001,2.8,4,1.45,4,0,0,0,0,0,0,0.00,0,0,0,0,0,0,Matches
515,Rhys Williams\012c975a,eng ENG,DF,Liverpool,19,2001,7.3,5,0.68,4,0,0,1,0,0,1,0.14,0,0,0,1,0,0,Matches
516,Willian\8b9ebd03,br BRA,FWMF,Arsenal,31,1988,15.6,60,3.84,37,12,2,4,5,0,11,0.70,5,2,0,3,1,0,Matches
517,Joe Willock\a3b03921,eng ENG,MF,Arsenal,20,1999,2.6,7,2.65,7,0,0,0,0,0,0,0.00,0,0,0,0,0,0,Matches
518,Joe Willock\a3b03921,eng ENG,MF,Newcastle Utd,20,1999,10.9,27,2.48,17,0,3,3,3,1,3,0.28,1,0,1,1,0,0,Matches
519,Callum Wilson\c596fcb0,eng ENG,FW,Newcastle Utd,28,1992,23.2,52,2.25,29,0,5,2,15,1,11,0.48,6,0,0,2,3,0,Matches
520,Harry Winks\2f7acede,eng ENG,MF,Tottenham,24,1996,9.6,8,0.84,6,0,1,0,0,1,0,0.00,0,0,0,0,0,0,Matches
521,Chris Wood\4e9a0555,nz NZL,FW,Burnley,28,1991,30.5,47,1.54,37,0,4,2,2,2,8,0.26,4,0,2,1,1,0,Matches
522,Granit Xhaka\e61b8aee,ch SUI,MFDF,Arsenal,27,1992,28.0,40,1.43,36,0,0,2,2,0,3,0.11,3,0,0,0,0,0,Matches
523,Andriy Yarmolenko\849c826a,ua UKR,FWMF,West Ham,30,1989,4.2,13,3.12,10,1,0,1,1,0,1,0.24,1,0,0,0,0,0,Matches
524,DeAndre Yedlin\ae0a7ddf,us USA,DF,Newcastle Utd,27,1993,4.8,6,1.24,4,1,0,0,1,0,0,0.00,0,0,0,0,0,0,Matches
525,Okay Yokuşlu\e49ce451,tr TUR,MF,West Brom,26,1994,14.6,11,0.75,7,0,0,1,3,0,2,0.14,1,0,0,1,0,0,Matches
526,Wilfried Zaha\b2bc3b1f,ci CIV,FW,Crystal Palace,27,1992,29.0,85,2.93,48,0,16,5,14,2,12,0.41,8,0,2,1,1,0,Matches
527,Andre-Frank Zambo Anguissa\6bb2c084,cm CMR,MF,Fulham,24,1995,28.7,57,1.98,43,0,8,2,3,1,6,0.21,4,0,2,0,0,0,Matches
528,Andi Zeqiri\d01231f0,ch SUI,FWDF,Brighton,21,1999,1.9,4,2.11,3,0,1,0,0,0,1,0.53,1,0,0,0,0,0,Matches
529,Oleksandr Zinchenko\51cf8561,ua UKR,DF,Manchester City,23,1996,16.4,30,1.83,23,4,0,1,1,1,2,0.12,2,0,0,0,0,0,Matches
530,Hakim Ziyech\6622454d,ma MAR,FWMF,Chelsea,27,1993,13.0,70,5.38,53,7,3,6,1,0,7,0.54,6,1,0,0,0,0,Matches
531,Kurt Zouma\ce4246f5,fr FRA,DF,Chelsea,25,1994,22.5,11,0.49,8,0,0,3,0,0,0,0.00,0,0,0,0,0,0,Matches
532,Martin Ødegaard\79300479,no NOR,MF,Arsenal,21,1998,9.6,42,4.36,34,4,1,1,2,0,6,0.62,5,0,0,0,1,0,Matches