,,,,,,,Playing Time,Playing Time,Playing Time,Playing Time,Performance,Performance,Performance,Performance,Performance,Performance,Performance,Per 90 Minutes,Per 90 Minutes,Per 90 Minutes,Per 90 Minutes,Per 90 Minutes,Expected,Expected,Expected,Expected,Per 90 Minutes,Per 90 Minutes,Per 90 Minutes,Per 90 Minutes,Per 90 Minutes,
Rk,Player,Nation,Pos,Squad,Age,Born,MP,Starts,Min,90s,Gls,Ast,G-PK,PK,PKatt,CrdY,CrdR,Gls,Ast,G+A,G-PK,G+A-PK,xG,npxG,xA,npxG+xA,xG,xA,xG+xA,npxG,npxG+xA,Matches
1,Sabit Abdulai\9f9e1b9c,gh GHA,MF,Getafe,21,1999,3,0,60,0.7,0,0,0,0,0,1,0,0.00,0.00,0.00,0.00,0.00,0.0,0.0,0.0,0.0,0.00,0.00,0.00,0.00,0.00,Matches
2,Marcos Acuña\81442ecb,ar ARG,DF,Sevilla,28,1991,30,26,2330,25.9,1,2,1,0,0,5,0,0.04,0.08,0.12,0.04,0.12,1.1,1.1,2.8,4.0,0.04,0.11,0.15,0.04,0.15,Matches
3,Bobby Adekanye\3ed84b2c,nl NED,FWMF,Cádiz,21,1999,3,0,36,0.4,0,0,0,0,0,0,0,0.00,0.00,0.00,0.00,0.00,0.2,0.2,0.0,0.2,0.43,0.00,0.43,0.43,0.43,Matches
4,Martin Agirregabiria\355c883a,es ESP,DFMF,Alavés,24,1996,26,16,1558,17.3,0,1,0,0,0,1,0,0.00,0.06,0.06,0.00,0.06,0.2,0.2,0.9,1.1,0.01,0.05,0.06,0.01,0.06,Matches
5,Joseph Aidoo\18abe173,gh GHA,DF,Celta Vigo,24,1995,25,14,1289,14.3,0,0,0,0,0,3,0,0.00,0.00,0.00,0.00,0.00,0.8,0.8,0.6,1.4,0.06,0.04,0.10,0.06,0.10,Matches
6,Carlos Akapo\f2a68b97,gq EQG,DF,Cádiz,27,1993,13,10,865,9.6,1,0,1,0,0,3,1,0.10,0.00,0.10,0.10,0.10,0.4,0.4,0.3,0.6,0.04,0.03,0.07,0.04,0.07,Matches
7,Paul Akouokou\31f5b89b,ci CIV,MF,Betis,22,1997,10,4,378,4.2,0,0,0,0,0,5,1,0.00,0.00,0.00,0.00,0.00,0.0,0.0,0.4,0.4,0.00,0.08,0.08,0.00,0.08,Matches
8,Jony Álamo\788be7f9,es ESP,MF,Elche,18,2001,1,1,73,0.8,0,0,0,0,0,0,0,0.00,0.00,0.00,0.00,0.00,0.0,0.0,0.0,0.0,0.02,0.00,0.02,0.02,0.02,Matches
9,Jordi Alba\4601e194,es ESP,DF,Barcelona,31,1989,35,34,3025,33.6,3,5,3,0,0,9,0,0.09,0.15,0.24,0.09,0.24,2.4,2.4,7.4,9.8,0.07,0.22,0.29,0.07,0.29,Matches
10,Raúl Albiol\4bd414c1,es ESP,DF,Villarreal,34,1985,35,35,3115,34.6,0,0,0,0,0,7,0,0.00,0.00,0.00,0.00,0.00,0.6,0.6,1.0,1.6,0.02,0.03,0.05,0.02,0.05,Matches
11,Paco Alcácer\a7a9d95a,es ESP,FW,Villarreal,26,1993,27,19,1544,17.2,6,4,5,1,2,0,0,0.35,0.23,0.58,0.29,0.52,8.3,6.7,3.2,9.9,0.48,0.19,0.67,0.39,0.58,Matches
12,Pedro Alcalá\ba71d071,es ESP,DF,Cádiz,31,1989,13,8,909,10.1,0,0,0,0,0,2,0,0.00,0.00,0.00,0.00,0.00,0.1,0.1,0.0,0.1,0.01,0.00,0.01,0.01,0.01,Matches
13,Rubén Alcaraz\036bba5f,es ESP,MF,Valladolid,29,1991,30,25,2165,24.1,1,0,1,0,0,10,0,0.04,0.00,0.04,0.04,0.04,1.7,1.7,0.6,2.3,0.07,0.03,0.09,0.07,0.09,Matches
14,Iván Alejo\3d7e48ce,es ESP,MFFW,Cádiz,25,1995,22,6,827,9.2,1,1,1,0,0,5,0,0.11,0.11,0.22,0.11,0.22,1.0,1.0,0.8,1.7,0.11,0.08,0.19,0.11,0.19,Matches
15,Carles Aleñá\6c811eb7,es ESP,MFFW,Getafe,22,1998,22,15,1366,15.2,2,2,2,0,0,1,0,0.13,0.13,0.26,0.13,0.26,1.9,1.9,2.0,3.9,0.12,0.13,0.26,0.12,0.26,Matches
16,Carles Aleñá\6c811eb7,es ESP,MF,Barcelona,22,1998,2,0,48,0.5,0,0,0,0,0,1,0,0.00,0.00,0.00,0.00,0.00,0.0,0.0,0.0,0.0,0.04,0.00,0.04,0.04,0.04,Matches
17,Alfon\1c772b46,es ESP,MF,Celta Vigo,21,1999,2,0,34,0.4,0,0,0,0,0,0,0,0.00,0.00,0.00,0.00,0.00,0.0,0.0,0.1,0.1,0.13,0.22,0.35,0.13,0.35,Matches
18,Sergio Álvarez\88d91621,es ESP,MFDF,Eibar,28,1992,27,17,1568,17.4,0,0,0,0,0,3,0,0.00,0.00,0.00,0.00,0.00,0.3,0.3,0.9,1.2,0.02,0.05,0.07,0.02,0.07,Matches
19,Yeray Álvarez\3ecc11d8,es ESP,DF,Athletic Club,25,1995,23,22,1948,21.6,1,0,1,0,0,6,0,0.05,0.00,0.05,0.05,0.05,0.5,0.5,0.4,0.9,0.02,0.02,0.04,0.02,0.04,Matches
20,Emmanuel Amankwaa Akurugu\69c5633e,gh GHA,DF,Getafe,18,2001,1,0,45,0.5,0,0,0,0,0,0,0,0.00,0.00,0.00,0.00,0.00,0.0,0.0,0.0,0.0,0.00,0.00,0.00,0.00,0.00,Matches
21,Jon Ander Garrido\c46736ab,es ESP,MF,Cádiz,30,1989,23,7,800,8.9,0,0,0,0,0,1,0,0.00,0.00,0.00,0.00,0.00,0.4,0.4,0.1,0.4,0.04,0.01,0.05,0.04,0.05,Matches
22,Ángel\b1e5bbec,es ESP,GK,Granada,18,2002,1,1,90,1.0,0,0,0,0,0,0,0,0.00,0.00,0.00,0.00,0.00,0.0,0.0,0.0,0.0,0.00,0.00,0.00,0.00,0.00,Matches
23,Miguel Ángel Rubio\56cafd0a,es ESP,DF,Valladolid,22,1998,2,1,135,1.5,0,0,0,0,0,0,0,0.00,0.00,0.00,0.00,0.00,0.0,0.0,0.0,0.0,0.02,0.00,0.02,0.02,0.02,Matches
24,José Ángel\3024e383,es ESP,DF,Eibar,30,1989,14,11,901,10.0,0,0,0,0,0,3,0,0.00,0.00,0.00,0.00,0.00,0.0,0.0,0.8,0.8,0.00,0.08,0.08,0.00,0.08,Matches
25,José Antonio Miranda\683788fd,gq EQG,MFDF,Getafe,22,1998,4,0,26,0.3,0,0,0,0,0,1,0,0.00,0.00,0.00,0.00,0.00,0.2,0.2,0.0,0.2,0.69,0.00,0.69,0.69,0.69,Matches
26,Aritz Arambarri\f28876e5,es ESP,DF,Real Sociedad,22,1998,1,0,26,0.3,0,0,0,0,0,0,0,0.00,0.00,0.00,0.00,0.00,0.1,0.1,0.0,0.1,0.50,0.00,0.50,0.50,0.50,Matches
27,Mauro Arambarri\58afe001,uy URU,MF,Getafe,24,1995,34,33,2983,33.1,3,0,3,0,0,11,0,0.09,0.00,0.09,0.09,0.09,2.2,2.2,2.1,4.3,0.07,0.06,0.13,0.07,0.13,Matches
28,Néstor Araujo\27a013f7,mx MEX,DF,Celta Vigo,28,1991,33,26,2426,27.0,0,0,0,0,0,5,0,0.00,0.00,0.00,0.00,0.00,0.3,0.3,0.7,1.0,0.01,0.02,0.04,0.01,0.04,Matches
29,Ronald Araújo\2bef2bca,uy URU,DF,Barcelona,21,1999,24,16,1510,16.8,2,1,2,0,0,3,0,0.12,0.06,0.18,0.12,0.18,1.6,1.6,0.1,1.7,0.09,0.01,0.10,0.09,0.10,Matches
30,Anaitz Arbilla\850c0a0d,es ESP,DF,Eibar,33,1987,34,30,2807,31.2,0,1,0,0,0,8,0,0.00,0.03,0.03,0.00,0.03,1.2,1.2,0.9,2.1,0.04,0.03,0.07,0.04,0.07,Matches
31,Unai Arietaleanizbeaskoa\74d9a90b,es ESP,FWMF,Eibar,21,1999,4,0,47,0.5,0,0,0,0,0,1,0,0.00,0.00,0.00,0.00,0.00,0.0,0.0,0.0,0.0,0.04,0.00,0.04,0.04,0.04,Matches
32,Sergio Arribas\1e465e70,es ESP,FWDF,Real Madrid,18,2001,8,0,135,1.5,0,0,0,0,0,1,0,0.00,0.00,0.00,0.00,0.00,0.0,0.0,0.0,0.1,0.02,0.03,0.05,0.02,0.05,Matches
33,Sergio Asenjo\9f0ea33f,es ESP,GK,Villarreal,31,1989,36,36,3240,36.0,0,0,0,0,0,2,0,0.00,0.00,0.00,0.00,0.00,0.0,0.0,0.0,0.0,0.00,0.00,0.00,0.00,0.00,Matches
34,Marco Asensio\45af8a54,es ESP,FWMF,Real Madrid,24,1996,35,21,1869,20.8,5,2,5,0,0,1,0,0.24,0.10,0.34,0.24,0.34,4.8,4.8,3.0,7.8,0.23,0.15,0.38,0.23,0.38,Matches
35,Iago Aspas\7dcf86f6,es ESP,FW,Celta Vigo,32,1987,33,33,2864,31.8,14,13,9,5,5,9,0,0.44,0.41,0.85,0.28,0.69,12.5,8.7,8.3,17.0,0.39,0.26,0.65,0.27,0.54,Matches
36,Miguel Atienza\12eda7be,es ESP,MF,Eibar,21,1999,12,9,838,9.3,0,0,0,0,0,1,0,0.00,0.00,0.00,0.00,0.00,0.2,0.2,0.1,0.4,0.02,0.02,0.04,0.02,0.04,Matches
37,Ezequiel Ávila\253a06b9,ar ARG,MFFW,Osasuna,26,1994,8,2,202,2.2,0,0,0,0,0,0,0,0.00,0.00,0.00,0.00,0.00,0.7,0.7,0.0,0.7,0.31,0.00,0.31,0.31,0.31,Matches
38,Ramon Azeez\0cc474e7,ng NGA,MFDF,Granada,27,1992,2,1,101,1.1,0,0,0,0,0,0,0,0.00,0.00,0.00,0.00,0.00,0.2,0.2,0.0,0.2,0.15,0.00,0.15,0.15,0.15,Matches
39,Carlos Bacca\09a9e921,co COL,FW,Villarreal,33,1986,23,9,786,8.7,5,0,5,0,0,1,0,0.57,0.00,0.57,0.57,0.57,3.5,3.5,0.9,4.4,0.40,0.11,0.50,0.40,0.50,Matches
40,Édgar Badía\e4346678,es ESP,GK,Elche,28,1992,30,30,2700,30.0,0,0,0,0,0,0,0,0.00,0.00,0.00,0.00,0.00,0.0,0.0,0.0,0.0,0.00,0.00,0.00,0.00,0.00,Matches
41,Alex Baena\518f2234,es ESP,MF,Villarreal,19,2001,6,2,137,1.5,0,0,0,0,0,0,0,0.00,0.00,0.00,0.00,0.00,0.1,0.1,0.1,0.1,0.05,0.05,0.09,0.05,0.09,Matches
42,Miguel Baeza\a98f3cbf,es ESP,MFFW,Celta Vigo,20,2000,22,4,543,6.0,1,0,1,0,0,0,0,0.17,0.00,0.17,0.17,0.17,1.5,1.5,0.6,2.2,0.26,0.10,0.36,0.26,0.36,Matches
43,Mikel Balenziaga\1fe67e86,es ESP,DF,Athletic Club,32,1988,23,17,1689,18.8,0,1,0,0,0,0,0,0.00,0.05,0.05,0.00,0.05,0.0,0.0,0.6,0.7,0.00,0.03,0.04,0.00,0.04,Matches
44,Barcia\0c717ae6,es ESP,DF,Granada,19,2000,1,1,90,1.0,0,0,0,0,0,1,0,0.00,0.00,0.00,0.00,0.00,0.0,0.0,0.0,0.0,0.00,0.00,0.00,0.00,0.00,Matches
45,Enis Bardhi\cac2537b,mk MKD,MFFW,Levante,25,1995,26,19,1682,18.7,1,2,1,0,0,4,0,0.05,0.11,0.16,0.05,0.16,2.9,2.9,1.1,4.0,0.15,0.06,0.21,0.15,0.21,Matches
46,Kike Barja\aad53e64,es ESP,MFFW,Osasuna,23,1997,33,17,1433,15.9,2,3,2,0,0,2,0,0.13,0.19,0.31,0.13,0.31,1.8,1.8,1.9,3.7,0.12,0.12,0.23,0.12,0.23,Matches
47,Marc Baró\74aa6ab7,es ESP,DF,Cádiz,20,1999,1,1,90,1.0,0,0,0,0,0,0,0,0.00,0.00,0.00,0.00,0.00,0.0,0.0,0.3,0.3,0.02,0.33,0.35,0.02,0.35,Matches
48,Antonio Barragán\487d9b09,es ESP,DF,Elche,33,1987,27,26,2235,24.8,0,3,0,0,0,8,0,0.00,0.12,0.12,0.00,0.12,0.6,0.6,1.0,1.6,0.02,0.04,0.06,0.02,0.06,Matches
49,Ander Barrenetxea\200e89e1,es ESP,MFFW,Real Sociedad,18,2001,31,13,1307,14.5,3,0,3,0,0,7,0,0.21,0.00,0.21,0.21,0.21,1.8,1.8,2.0,3.8,0.12,0.14,0.26,0.12,0.26,Matches
50,Marc Bartra\b742cc0d,es ESP,DF,Betis,29,1991,19,19,1694,18.8,0,1,0,0,0,3,0,0.00,0.05,0.05,0.00,0.05,0.4,0.4,0.8,1.3,0.02,0.04,0.07,0.02,0.07,Matches
51,Álvaro Bastida\42a028c5,es ESP,MF,Cádiz,16,2004,1,0,35,0.4,0,0,0,0,0,0,0,0.00,0.00,0.00,0.00,0.00,0.0,0.0,0.0,0.0,0.00,0.00,0.00,0.00,0.00,Matches
52,Rodrigo Battaglia\d637fc22,ar ARG,MF,Alavés,29,1991,32,29,2492,27.7,1,0,1,0,0,10,1,0.04,0.00,0.04,0.04,0.04,1.2,1.2,0.2,1.4,0.04,0.01,0.05,0.04,0.05,Matches
53,Jon Bautista\debc6b55,es ESP,FWMF,Real Sociedad,25,1995,21,0,370,4.1,0,1,0,0,0,3,0,0.00,0.24,0.24,0.00,0.24,1.0,1.0,0.2,1.2,0.23,0.06,0.29,0.23,0.29,Matches
54,Fran Beltrán\ed5c5fa3,es ESP,MF,Celta Vigo,21,1999,32,13,1399,15.5,3,0,3,0,0,3,0,0.19,0.00,0.19,0.19,0.19,1.4,1.4,0.3,1.7,0.09,0.02,0.11,0.09,0.11,Matches
55,Sergio Benito\608bcb88,es ESP,FW,Valladolid,21,1999,1,0,2,0.0,0,0,0,0,0,0,0,0.00,0.00,0.00,0.00,0.00,0.0,0.0,0.0,0.0,0.00,0.00,0.00,0.00,0.00,Matches
56,Karim Benzema\70d74ece,fr FRA,FW,Real Madrid,32,1987,34,33,2894,32.2,23,9,22,1,1,2,0,0.72,0.28,1.00,0.68,0.96,17.7,17.0,6.3,23.2,0.55,0.20,0.75,0.53,0.72,Matches
57,Yuri Berchiche\b6e50615,es ESP,DF,Athletic Club,30,1990,23,21,1682,18.7,1,3,1,0,0,3,0,0.05,0.16,0.21,0.05,0.21,0.8,0.8,1.9,2.7,0.04,0.10,0.14,0.04,0.14,Matches
58,Álex Berenguer\dc1c2fce,es ESP,MFFW,Athletic Club,25,1995,35,27,2278,25.3,8,4,8,0,0,4,0,0.32,0.16,0.47,0.32,0.47,6.1,6.1,3.8,9.9,0.24,0.15,0.39,0.24,0.39,Matches
59,Pedro Bigas\697295b1,es ESP,DF,Eibar,29,1990,21,19,1529,17.0,0,0,0,0,0,1,0,0.00,0.00,0.00,0.00,0.00,0.9,0.9,0.0,0.9,0.05,0.00,0.05,0.05,0.05,Matches
60,Blanco\506daeac,es ESP,MFDF,Real Madrid,20,2000,4,2,220,2.4,0,0,0,0,0,0,0,0.00,0.00,0.00,0.00,0.00,0.0,0.0,0.1,0.1,0.02,0.03,0.04,0.02,0.04,Matches
61,Alejandro Blanco\c4dce677,es ESP,MF,Valencia,21,1998,13,6,580,6.4,1,0,1,0,0,1,0,0.16,0.00,0.16,0.16,0.16,0.8,0.8,0.5,1.3,0.12,0.08,0.20,0.12,0.20,Matches
62,Rubén Blanco\967f34d3,es ESP,GK,Celta Vigo,25,1995,19,19,1637,18.2,0,0,0,0,0,0,1,0.00,0.00,0.00,0.00,0.00,0.0,0.0,0.0,0.0,0.00,0.00,0.00,0.00,0.00,Matches
63,Alejandro Blesa\d2ed99b4,es ESP,MF,Levante,18,2002,1,0,11,0.1,0,0,0,0,0,0,0,0.00,0.00,0.00,0.00,0.00,0.0,0.0,0.0,0.0,0.00,0.00,0.00,0.00,0.00,Matches
64,Yann Bodiger\8c2c48a9,fr FRA,MF,Cádiz,25,1995,9,2,251,2.8,0,0,0,0,0,0,0,0.00,0.00,0.00,0.00,0.00,0.0,0.0,0.1,0.1,0.00,0.05,0.05,0.00,0.05,Matches
65,Yassine Bounou\f6798fc3,ma MAR,GK,Sevilla,29,1991,33,33,2970,33.0,1,0,1,0,0,3,0,0.03,0.00,0.03,0.03,0.03,0.3,0.3,0.0,0.4,0.01,0.00,0.01,0.01,0.01,Matches
66,Lucas Boyé\d49f3e6b,ar ARG,FW,Elche,24,1996,34,32,2694,29.9,7,2,7,0,0,9,1,0.23,0.07,0.30,0.23,0.30,5.9,5.9,1.0,7.0,0.20,0.03,0.23,0.20,0.23,Matches
67,Martin Braithwaite\fd771f95,dk DEN,FW,Barcelona,29,1991,29,11,1175,13.1,2,2,2,0,1,3,0,0.15,0.15,0.31,0.15,0.31,5.0,4.2,2.0,6.3,0.38,0.16,0.54,0.32,0.48,Matches
68,Darko Brašanac\4accb7e0,rs SRB,MF,Osasuna,28,1992,16,9,909,10.1,2,0,2,0,0,4,0,0.20,0.00,0.20,0.20,0.20,1.3,1.3,0.2,1.4,0.12,0.02,0.14,0.12,0.14,Matches
69,Álvaro Bravo\b3f97139,es ESP,MF,Granada,22,1998,1,0,15,0.2,0,0,0,0,0,0,0,0.00,0.00,0.00,0.00,0.00,0.0,0.0,0.0,0.0,0.00,0.00,0.00,0.00,0.00,Matches
70,Claudio Bravo\10072610,cl CHI,GK,Betis,37,1983,20,20,1800,20.0,0,0,0,0,0,3,0,0.00,0.00,0.00,0.00,0.00,0.0,0.0,0.3,0.3,0.00,0.01,0.01,0.00,0.01,Matches
71,Yan Brice Eteki\3d688b46,cm CMR,MF,Granada,22,1997,25,16,1321,14.7,0,0,0,0,0,4,1,0.00,0.00,0.00,0.00,0.00,0.3,0.3,0.0,0.4,0.02,0.00,0.02,0.02,0.02,Matches
72,Juan Brunet\c960cfdb,ar ARG,MF,Granada,22,1998,2,0,24,0.3,0,0,0,0,0,0,0,0.00,0.00,0.00,0.00,0.00,0.0,0.0,0.0,0.0,0.00,0.00,0.00,0.00,0.00,Matches
73,Bryan\7b5ab7f2,es ESP,MFFW,Eibar,19,2001,28,26,2265,25.2,4,3,4,0,0,6,0,0.16,0.12,0.28,0.16,0.28,4.0,3.6,5.2,8.8,0.16,0.21,0.36,0.14,0.35,Matches
74,Bryan\7b5ab7f2,es ESP,FW,Sevilla,19,2001,1,0,13,0.1,0,0,0,0,0,0,0,0.00,0.00,0.00,0.00,0.00,0.0,0.0,0.0,0.0,0.00,0.00,0.00,0.00,0.00,Matches
75,Ante Budimir\8f3565b3,hr CRO,FW,Osasuna,29,1991,30,18,1625,18.1,11,0,11,0,0,3,0,0.61,0.00,0.61,0.61,0.61,7.1,7.1,0.6,7.7,0.39,0.03,0.43,0.39,0.43,Matches
76,Esteban Burgos\40449bbd,ar ARG,DF,Eibar,28,1992,14,12,1111,12.3,3,1,1,2,3,5,0,0.24,0.08,0.32,0.08,0.16,3.3,1.1,0.1,1.2,0.27,0.01,0.28,0.09,0.10,Matches
77,Burgui\45e304c8,es ESP,MF,Alavés,26,1993,1,0,21,0.2,0,0,0,0,0,0,0,0.00,0.00,0.00,0.00,0.00,0.0,0.0,0.0,0.0,0.00,0.00,0.00,0.00,0.00,Matches
78,Sergio Busquets\5ab0ea87,es ESP,MF,Barcelona,32,1988,36,32,2517,28.0,0,5,0,0,0,9,0,0.00,0.18,0.18,0.00,0.18,0.2,0.2,3.6,3.8,0.01,0.13,0.14,0.01,0.14,Matches
79,Erick Cabaco\e7ab4179,uy URU,DF,Getafe,25,1995,20,15,1326,14.7,0,0,0,0,0,9,0,0.00,0.00,0.00,0.00,0.00,0.2,0.2,0.0,0.2,0.02,0.00,0.02,0.02,0.02,Matches
80,Cala\fe05804b,es ESP,DF,Cádiz,30,1989,28,26,2272,25.2,3,0,3,0,0,8,0,0.12,0.00,0.12,0.12,0.12,1.4,1.4,0.3,1.7,0.06,0.01,0.07,0.06,0.07,Matches
81,Jonathan Calleri\6922f806,ar ARG,FW,Osasuna,26,1993,25,20,1544,17.2,5,2,5,0,0,4,0,0.29,0.12,0.41,0.29,0.41,5.9,5.9,1.3,7.2,0.34,0.08,0.42,0.34,0.42,Matches
82,Dani Calvo\dd672e1f,es ESP,DF,Elche,26,1994,23,19,1779,19.8,2,0,2,0,0,3,0,0.10,0.00,0.10,0.10,0.10,0.9,0.9,0.0,0.9,0.05,0.00,0.05,0.05,0.05,Matches
83,José Campaña\61220da2,es ESP,MF,Levante,27,1993,9,8,748,8.3,1,2,0,1,1,0,0,0.12,0.24,0.36,0.00,0.24,1.4,0.7,1.4,2.0,0.17,0.16,0.34,0.08,0.25,Matches
84,Sergio Canales\a6de370d,es ESP,MFFW,Betis,29,1991,31,28,2498,27.8,8,6,6,2,3,4,0,0.29,0.22,0.50,0.22,0.43,5.4,2.9,5.1,8.0,0.19,0.18,0.38,0.11,0.29,Matches
85,Álex Cantero\4aa253fd,es ESP,FW,Levante,20,2000,4,3,237,2.6,0,0,0,0,0,1,0,0.00,0.00,0.00,0.00,0.00,0.2,0.2,1.0,1.1,0.06,0.36,0.43,0.06,0.43,Matches
86,Ander Capa\37f1cf47,es ESP,DF,Athletic Club,28,1992,28,25,2131,23.7,2,1,2,0,0,5,0,0.08,0.04,0.13,0.08,0.13,1.1,1.1,1.6,2.7,0.05,0.07,0.11,0.05,0.11,Matches
87,Étienne Capoue\5acc4a10,fr FRA,MF,Villarreal,32,1988,16,15,1185,13.2,1,0,1,0,0,5,1,0.08,0.00,0.08,0.08,0.08,0.5,0.5,0.1,0.6,0.04,0.01,0.05,0.04,0.05,Matches
88,Isaac Carcelen\c4b888df,es ESP,DF,Cádiz,27,1993,32,31,2581,28.7,0,1,0,0,0,3,0,0.00,0.03,0.03,0.00,0.03,0.4,0.4,1.0,1.4,0.01,0.03,0.05,0.01,0.05,Matches
89,Cárdenas\e1846dde,es ESP,GK,Levante,23,1997,8,8,720,8.0,0,0,0,0,0,1,0,0.00,0.00,0.00,0.00,0.00,0.0,0.0,0.0,0.0,0.00,0.00,0.00,0.00,0.00,Matches
90,Marc Cardona\b92b456a,es ESP,FWMF,Osasuna,25,1995,3,0,53,0.6,0,0,0,0,0,0,0,0.00,0.00,0.00,0.00,0.00,0.2,0.2,0.0,0.2,0.30,0.00,0.30,0.30,0.30,Matches
91,Diego Carlos\b4a014b1,br BRA,DF,Sevilla,27,1993,33,32,2788,31.0,1,0,1,0,0,11,1,0.03,0.00,0.03,0.03,0.03,1.0,1.0,0.6,1.6,0.03,0.02,0.05,0.03,0.05,Matches
92,Juan Carlos\82803509,es ESP,MFFW,Huesca,29,1991,15,3,291,3.2,0,1,0,0,0,0,0,0.00,0.31,0.31,0.00,0.31,0.5,0.5,0.3,0.8,0.14,0.10,0.24,0.14,0.24,Matches
93,Yannick Carrasco\de39485a,be BEL,DFMF,Atlético Madrid,26,1993,30,25,2179,24.2,6,10,6,0,0,6,0,0.25,0.41,0.66,0.25,0.66,6.0,6.0,5.6,11.6,0.25,0.23,0.48,0.25,0.48,Matches
94,Sergio Carreira\8d6a9c93,es ESP,DF,Celta Vigo,19,2000,3,3,259,2.9,1,0,1,0,0,0,0,0.35,0.00,0.35,0.35,0.35,0.4,0.4,0.0,0.4,0.13,0.00,0.13,0.13,0.13,Matches
95,Guido Carrillo\8f898ba8,ar ARG,FW,Elche,29,1991,21,11,1002,11.1,3,2,3,0,0,3,0,0.27,0.18,0.45,0.27,0.45,2.7,2.7,1.3,4.0,0.24,0.11,0.36,0.24,0.36,Matches
96,Dani Carvajal\4958bfb2,es ESP,DF,Real Madrid,28,1992,13,11,950,10.6,0,2,0,0,0,5,0,0.00,0.19,0.19,0.00,0.19,0.6,0.6,0.8,1.4,0.05,0.08,0.13,0.05,0.13,Matches
97,William Carvalho\dee86451,pt POR,MF,Betis,28,1992,27,12,1223,13.6,2,0,2,0,0,6,1,0.15,0.00,0.15,0.15,0.15,1.3,1.3,0.5,1.7,0.09,0.03,0.13,0.09,0.13,Matches
98,Casemiro\4d224fe8,br BRA,MF,Real Madrid,28,1992,34,32,2901,32.2,6,4,6,0,0,11,1,0.19,0.12,0.31,0.19,0.31,4.6,4.6,3.6,8.2,0.14,0.11,0.25,0.14,0.25,Matches
99,Sofian Chakla\37f04799,ma MAR,DF,Getafe,26,1993,11,9,897,10.0,0,0,0,0,0,5,0,0.00,0.00,0.00,0.00,0.00,0.1,0.1,0.1,0.2,0.01,0.01,0.02,0.01,0.02,Matches
100,Sofian Chakla\37f04799,ma MAR,DF,Villarreal,26,1993,1,0,13,0.1,0,0,0,0,0,0,0,0.00,0.00,0.00,0.00,0.00,0.1,0.1,0.0,0.1,0.39,0.00,0.39,0.39,0.39,Matches
101,Chema\7f203b54,es ESP,DFMF,Getafe,28,1992,10,7,557,6.2,0,0,0,0,0,3,1,0.00,0.00,0.00,0.00,0.00,0.0,0.0,0.1,0.2,0.01,0.02,0.03,0.01,0.03,Matches
102,Denis Cheryshev\0ac94a23,ru RUS,MF,Valencia,29,1990,21,13,1101,12.2,0,3,0,0,0,3,0,0.00,0.25,0.25,0.00,0.25,1.5,1.5,2.4,3.9,0.12,0.20,0.32,0.12,0.32,Matches
103,Samuel Chukwueze\b8a642fc,ng NGA,MFFW,Villarreal,21,1999,28,13,1365,15.2,4,2,4,0,0,0,0,0.26,0.13,0.40,0.26,0.40,3.5,3.5,2.6,6.1,0.23,0.17,0.41,0.23,0.41,Matches
104,Víctor Chust\ec1a731e,es ESP,DF,Real Madrid,20,2000,2,1,95,1.1,0,0,0,0,0,0,0,0.00,0.00,0.00,0.00,0.00,0.0,0.0,0.0,0.0,0.00,0.00,0.00,0.00,0.00,Matches
105,Cifu\90f83973,es ESP,DF,Elche,29,1990,11,4,451,5.0,0,0,0,0,0,1,0,0.00,0.00,0.00,0.00,0.00,0.1,0.1,0.0,0.1,0.02,0.00,0.02,0.02,0.02,Matches
106,Alberto Cifuentes\94084f83,es ESP,GK,Cádiz,41,1979,2,2,180,2.0,0,0,0,0,0,0,0,0.00,0.00,0.00,0.00,0.00,0.0,0.0,0.0,0.0,0.00,0.02,0.02,0.00,0.02,Matches
107,Jasper Cillessen\04ac8285,nl NED,GK,Valencia,31,1989,10,10,900,10.0,0,0,0,0,0,0,0,0.00,0.00,0.00,0.00,0.00,0.0,0.0,0.0,0.0,0.00,0.00,0.00,0.00,0.00,Matches
108,Carlos Clerc\33a61a52,es ESP,DF,Levante,28,1992,35,30,2781,30.9,0,3,0,0,0,5,0,0.00,0.10,0.10,0.00,0.10,0.4,0.4,3.3,3.7,0.01,0.11,0.12,0.01,0.12,Matches
109,Coke\6d8f8441,es ESP,DF,Levante,33,1987,17,11,835,9.3,0,0,0,0,0,1,0,0.00,0.00,0.00,0.00,0.00,0.4,0.4,0.3,0.7,0.04,0.03,0.07,0.04,0.07,Matches
110,Francis Coquelin\a6951bf8,fr FRA,MF,Villarreal,29,1991,22,7,736,8.2,0,0,0,0,0,4,0,0.00,0.00,0.00,0.00,0.00,0.2,0.2,0.5,0.7,0.03,0.06,0.09,0.03,0.09,Matches
111,Iñigo Córdoba\49ea92be,es ESP,FWMF,Athletic Club,23,1997,3,1,95,1.1,0,0,0,0,0,0,0,0.00,0.00,0.00,0.00,0.00,0.1,0.1,0.0,0.1,0.11,0.00,0.11,0.11,0.11,Matches
112,Iñigo Córdoba\49ea92be,es ESP,MF,Alavés,23,1997,7,3,216,2.4,0,0,0,0,0,0,0,0.00,0.00,0.00,0.00,0.00,0.0,0.0,0.3,0.3,0.01,0.11,0.12,0.01,0.12,Matches
113,Ángel Correa\01eb744d,ar ARG,FWMF,Atlético Madrid,25,1995,38,29,2393,26.6,9,8,9,0,0,3,0,0.34,0.30,0.64,0.34,0.64,7.6,7.4,5.7,13.0,0.29,0.21,0.50,0.28,0.49,Matches
114,Rober Correa\46bd3a5b,es ESP,DF,Eibar,27,1992,15,13,1136,12.6,0,2,0,0,0,3,0,0.00,0.16,0.16,0.00,0.16,0.2,0.2,0.8,1.1,0.02,0.07,0.08,0.02,0.08,Matches
115,Thierry Correia\c78b352d,pt POR,DF,Valencia,21,1999,29,25,2137,23.7,1,1,1,0,0,6,1,0.04,0.04,0.08,0.04,0.08,1.0,1.0,1.3,2.3,0.04,0.06,0.10,0.04,0.10,Matches
116,Diego Costa\a190d597,es ESP,FW,Atlético Madrid,31,1988,7,2,208,2.3,2,0,1,1,1,1,0,0.87,0.00,0.87,0.43,0.43,1.4,0.6,0.3,1.0,0.60,0.14,0.74,0.27,0.41,Matches
117,Jaume Costa\808d48f3,es ESP,DFMF,Villarreal,32,1988,14,3,351,3.9,0,1,0,0,0,1,0,0.00,0.26,0.26,0.00,0.26,0.1,0.1,0.3,0.4,0.02,0.08,0.09,0.02,0.09,Matches
118,Thibaut Courtois\1840e36d,be BEL,GK,Real Madrid,28,1992,38,38,3420,38.0,0,0,0,0,0,0,0,0.00,0.00,0.00,0.00,0.00,0.0,0.0,0.0,0.0,0.00,0.00,0.00,0.00,0.00,Matches
119,Philippe Coutinho\0ef89a37,br BRA,MFFW,Barcelona,28,1992,12,8,654,7.3,2,2,2,0,0,0,0,0.28,0.28,0.55,0.28,0.55,3.9,3.9,0.9,4.7,0.53,0.12,0.65,0.53,0.65,Matches
120,Juan Cruz Armada\a56da3ba,es ESP,DF,Osasuna,28,1992,26,23,1962,21.8,0,0,0,0,0,4,0,0.00,0.00,0.00,0.00,0.00,0.0,0.0,0.5,0.5,0.00,0.02,0.02,0.00,0.02,Matches
121,Sergio Cubero Ezcurra\d858d079,es ESP,MF,Eibar,20,1999,1,0,1,0.0,0,0,0,0,0,0,0,0.00,0.00,0.00,0.00,0.00,0.0,0.0,0.0,0.0,0.00,0.00,0.00,0.00,0.00,Matches
122,Cucho\71b47ab9,co COL,FWMF,Getafe,21,1999,23,18,1466,16.3,2,3,2,0,0,5,0,0.12,0.18,0.31,0.12,0.31,2.5,2.5,1.1,3.7,0.16,0.07,0.23,0.16,0.23,Matches
123,Marc Cucurella\1daec722,es ESP,MF,Getafe,22,1998,37,37,3244,36.0,3,2,3,0,0,8,0,0.08,0.06,0.14,0.08,0.14,1.7,1.7,3.0,4.8,0.05,0.08,0.13,0.05,0.13,Matches
124,Patrick Cutrone\a4fe8cda,it ITA,FW,Valencia,22,1998,7,0,108,1.2,0,0,0,0,0,0,0,0.00,0.00,0.00,0.00,0.00,0.5,0.5,0.2,0.7,0.46,0.14,0.60,0.46,0.60,Matches
125,Moussa Dembélé\e7986081,fr FRA,FWMF,Atlético Madrid,24,1996,5,0,100,1.1,0,0,0,0,0,0,0,0.00,0.00,0.00,0.00,0.00,1.0,1.0,0.0,1.1,0.92,0.02,0.95,0.92,0.95,Matches
126,Ousmane Dembélé\b19db005,fr FRA,FWDF,Barcelona,23,1997,30,19,1774,19.7,6,3,6,0,0,2,0,0.30,0.15,0.46,0.30,0.46,5.6,5.6,4.9,10.6,0.29,0.25,0.54,0.29,0.54,Matches
127,Sergiño Dest\5976f83e,us USA,DF,Barcelona,19,2000,30,23,1909,21.2,2,1,2,0,0,1,0,0.09,0.05,0.14,0.09,0.14,2.5,2.5,2.6,5.0,0.12,0.12,0.24,0.12,0.24,Matches
128,Deyverson\2e5e846d,br BRA,FW,Alavés,29,1991,27,11,874,9.7,1,3,1,0,0,4,0,0.10,0.31,0.41,0.10,0.41,1.8,1.8,1.6,3.3,0.18,0.16,0.34,0.18,0.34,Matches
129,Abdoulay Diaby\23c5db70,ml MLI,MF,Getafe,29,1991,1,0,18,0.2,0,0,0,0,0,0,0,0.00,0.00,0.00,0.00,0.00,0.3,0.3,0.1,0.4,1.69,0.53,2.22,1.69,2.22,Matches
130,Mouctar Diakhaby\d2110326,fr FRA,DF,Valencia,23,1996,26,24,2079,23.1,1,0,1,0,0,4,1,0.04,0.00,0.04,0.04,0.04,1.1,1.1,0.0,1.1,0.05,0.00,0.05,0.05,0.05,Matches
131,Víctor Díaz\3624ce4c,es ESP,DF,Granada,32,1988,17,7,828,9.2,0,2,0,0,0,3,0,0.00,0.22,0.22,0.00,0.22,0.3,0.3,0.3,0.6,0.03,0.03,0.06,0.03,0.06,Matches
132,Papakouli Diop\7329018e,sn SEN,MF,Eibar,34,1986,33,28,2324,25.8,1,1,1,0,0,9,2,0.04,0.04,0.08,0.04,0.08,1.9,1.9,1.1,3.0,0.07,0.04,0.12,0.07,0.12,Matches
133,Djené\a4971d84,tg TOG,DF,Getafe,28,1991,34,34,2941,32.7,0,1,0,0,0,8,2,0.00,0.03,0.03,0.00,0.03,0.2,0.2,0.1,0.3,0.01,0.00,0.01,0.01,0.01,Matches
134,Marko Dmitrović\ac295d9e,rs SRB,GK,Eibar,28,1992,35,35,3120,34.7,1,0,0,1,2,0,0,0.03,0.00,0.03,0.00,0.00,1.6,0.1,0.5,0.6,0.05,0.01,0.06,0.00,0.02,Matches
135,Jaume Doménech\c9cb972b,es ESP,GK,Valencia,29,1990,28,28,2520,28.0,0,0,0,0,0,1,0,0.00,0.00,0.00,0.00,0.00,0.0,0.0,0.0,0.0,0.00,0.00,0.00,0.00,0.00,Matches
136,Carlos Dominguez\3521abfe,es ESP,DF,Celta Vigo,19,2001,4,4,360,4.0,0,0,0,0,0,2,0,0.00,0.00,0.00,0.00,0.00,0.1,0.1,0.1,0.2,0.03,0.02,0.05,0.03,0.05,Matches
137,John Donald\5e95c000,es ESP,DFFW,Elche,19,2000,2,1,50,0.6,0,0,0,0,0,0,0,0.00,0.00,0.00,0.00,0.00,0.0,0.0,0.0,0.0,0.00,0.00,0.00,0.00,0.00,Matches
138,Cheick Doukouré\e208bcc8,ci CIV,MF,Levante,27,1992,7,0,101,1.1,0,0,0,0,0,1,0,0.00,0.00,0.00,0.00,0.00,0.0,0.0,0.1,0.1,0.00,0.08,0.08,0.00,0.08,Matches
139,Idrissa Doumbia\685857dc,ci CIV,MF,Huesca,22,1998,23,7,779,8.7,0,0,0,0,0,4,0,0.00,0.00,0.00,0.00,0.00,0.4,0.4,0.0,0.4,0.04,0.00,0.05,0.04,0.05,Matches
140,Domingos Duarte\93090f69,pt POR,DF,Granada,25,1995,29,27,2363,26.3,1,0,1,0,0,5,1,0.04,0.00,0.04,0.04,0.04,1.3,1.3,1.0,2.3,0.05,0.04,0.09,0.05,0.09,Matches
141,Óscar Duarte\aa0ac32d,cr CRC,DF,Levante,31,1989,29,23,2060,22.9,1,0,1,0,0,2,0,0.04,0.00,0.04,0.04,0.04,1.1,1.1,0.2,1.3,0.05,0.01,0.06,0.05,0.06,Matches
142,Rubén Duarte\1fe0492d,es ESP,DF,Alavés,24,1995,31,29,2545,28.3,1,1,1,0,0,5,1,0.04,0.04,0.07,0.04,0.07,1.3,1.3,2.4,3.7,0.05,0.08,0.13,0.05,0.13,Matches
143,Unai Dufur\c261b5dd,es ESP,DF,Eibar,21,1999,1,1,62,0.7,0,0,0,0,0,0,0,0.00,0.00,0.00,0.00,0.00,0.0,0.0,0.0,0.0,0.00,0.00,0.00,0.00,0.00,Matches
144,Hugo Duro\37e103f8,es ESP,FW,Real Madrid,20,1999,2,0,55,0.6,0,0,0,0,0,0,0,0.00,0.00,0.00,0.00,0.00,0.1,0.1,0.1,0.2,0.22,0.09,0.31,0.22,0.31,Matches
145,Aritz Elustondo\f7dc2ae5,es ESP,DF,Real Sociedad,26,1994,23,22,1884,20.9,1,0,1,0,0,5,0,0.05,0.00,0.05,0.05,0.05,0.3,0.3,0.2,0.5,0.01,0.01,0.02,0.01,0.02,Matches
146,Rodrigo Ely\fd47b4f2,br BRA,DF,Alavés,26,1993,8,6,468,5.2,1,0,1,0,0,1,0,0.19,0.00,0.19,0.19,0.19,0.2,0.2,0.1,0.3,0.04,0.02,0.06,0.04,0.06,Matches
147,Emerson\df8b52a5,br BRA,DF,Betis,21,1999,34,34,2991,33.2,1,4,1,0,0,9,1,0.03,0.12,0.15,0.03,0.15,1.2,1.2,2.2,3.4,0.04,0.07,0.10,0.04,0.10,Matches
148,Youssef En-Nesyri\04e17fd5,ma MAR,FW,Sevilla,23,1997,38,23,2311,25.7,18,0,18,0,0,2,0,0.70,0.00,0.70,0.70,0.70,14.8,14.8,1.3,16.1,0.58,0.05,0.63,0.58,0.63,Matches
149,Sergi Enrich\bb4b1242,es ESP,FW,Eibar,30,1990,27,13,1404,15.6,3,0,3,0,1,1,0,0.19,0.00,0.19,0.19,0.19,5.8,5.0,1.0,6.0,0.37,0.06,0.43,0.32,0.38,Matches
150,Aarón Escandell\67669ce7,es ESP,GK,Granada,24,1995,5,5,450,5.0,0,0,0,0,0,1,0,0.00,0.00,0.00,0.00,0.00,0.0,0.0,0.0,0.0,0.00,0.00,0.00,0.00,0.00,Matches
151,Dani Escriche\5a36f180,es ESP,FWMF,Huesca,22,1998,23,7,857,9.5,1,1,1,0,0,5,1,0.11,0.11,0.21,0.11,0.21,1.4,1.4,1.3,2.6,0.14,0.13,0.28,0.14,0.28,Matches
152,Sergio Escudero\b0616e3d,es ESP,DF,Sevilla,30,1989,9,7,565,6.3,1,0,1,0,0,3,0,0.16,0.00,0.16,0.16,0.16,0.2,0.2,0.5,0.7,0.03,0.08,0.12,0.03,0.12,Matches
153,Alfonso Espino\db001fa9,uy URU,DF,Cádiz,28,1992,32,31,2601,28.9,0,3,0,0,0,6,0,0.00,0.10,0.10,0.00,0.10,0.2,0.2,1.3,1.5,0.01,0.04,0.05,0.01,0.05,Matches
154,Vicente Esquerdo\ced26057,es ESP,MF,Valencia,21,1999,4,3,231,2.6,0,0,0,0,0,1,0,0.00,0.00,0.00,0.00,0.00,0.0,0.0,0.1,0.1,0.01,0.03,0.04,0.01,0.04,Matches
155,Pervis Estupiñán\d38fdf53,ec ECU,DF,Villarreal,22,1998,25,12,1168,13.0,0,0,0,0,0,1,0,0.00,0.00,0.00,0.00,0.00,0.5,0.5,1.3,1.8,0.04,0.10,0.14,0.04,0.14,Matches
156,Xabier Etxeita\4a895384,es ESP,DF,Getafe,32,1987,11,9,883,9.8,0,0,0,0,0,3,0,0.00,0.00,0.00,0.00,0.00,0.5,0.5,0.2,0.7,0.05,0.02,0.07,0.05,0.07,Matches
157,Edu Expósito\283c7121,es ESP,MF,Eibar,23,1996,31,27,2455,27.3,0,3,0,0,2,4,0,0.00,0.11,0.11,0.00,0.11,3.3,1.8,2.8,4.6,0.12,0.10,0.22,0.07,0.17,Matches
158,Jokin Ezkieta\0f7dbaf6,es ESP,GK,Athletic Club,23,1996,1,1,90,1.0,0,0,0,0,0,0,0,0.00,0.00,0.00,0.00,0.00,0.0,0.0,0.0,0.0,0.00,0.00,0.00,0.00,0.00,Matches
159,Fali\72a84002,es ESP,DFMF,Cádiz,26,1993,34,29,2637,29.3,0,0,0,0,0,11,0,0.00,0.00,0.00,0.00,0.00,0.7,0.7,0.7,1.4,0.02,0.02,0.05,0.02,0.05,Matches
160,Ansu Fati\0ba976e4,es ESP,FW,Barcelona,17,2002,7,6,431,4.8,4,0,4,0,0,1,0,0.84,0.00,0.84,0.84,0.84,1.8,1.8,1.4,3.2,0.37,0.29,0.66,0.37,0.66,Matches
161,Nabil Fekir\bece776f,fr FRA,MFFW,Betis,27,1993,33,33,2622,29.1,5,6,4,1,3,5,1,0.17,0.21,0.38,0.14,0.34,7.5,5.2,5.3,10.5,0.26,0.18,0.44,0.18,0.36,Matches
162,Felipe\51a3c4c8,br BRA,DF,Atlético Madrid,31,1989,31,23,2057,22.9,0,0,0,0,0,8,0,0.00,0.00,0.00,0.00,0.00,0.9,0.9,0.2,1.1,0.04,0.01,0.05,0.04,0.05,Matches
163,João Félix\8aafd64f,pt POR,FWMF,Atlético Madrid,20,1999,31,14,1572,17.5,7,5,6,1,2,6,0,0.40,0.29,0.69,0.34,0.63,5.1,3.6,3.8,7.3,0.29,0.22,0.51,0.20,0.42,Matches
164,Aitor Fernández\a01c3d54,es ESP,GK,Levante,29,1991,29,29,2610,29.0,0,0,0,0,0,0,0,0.00,0.00,0.00,0.00,0.00,0.0,0.0,0.0,0.0,0.00,0.00,0.00,0.00,0.00,Matches
165,Álex Fernández\aa677a35,es ESP,MF,Cádiz,27,1992,25,21,1946,21.6,4,1,2,2,2,1,0,0.18,0.05,0.23,0.09,0.14,3.2,1.7,1.8,3.5,0.15,0.08,0.23,0.08,0.16,Matches
166,Álvaro Fernández\f127d782,es ESP,GK,Huesca,22,1998,22,22,1980,22.0,0,0,0,0,0,0,0,0.00,0.00,0.00,0.00,0.00,0.0,0.0,0.1,0.1,0.00,0.00,0.00,0.00,0.00,Matches
167,Andrés Fernández\307fcd26,es ESP,GK,Huesca,33,1986,16,16,1440,16.0,0,0,0,0,0,0,0,0.00,0.00,0.00,0.00,0.00,0.0,0.0,0.0,0.0,0.00,0.00,0.00,0.00,0.00,Matches
168,Augusto Fernández\78c40e94,ar ARG,MF,Cádiz,34,1986,12,4,369,4.1,0,0,0,0,0,1,0,0.00,0.00,0.00,0.00,0.00,0.0,0.0,0.0,0.0,0.00,0.00,0.00,0.00,0.00,Matches
169,Carlos Fernández\e08647d6,es ESP,FWMF,Real Sociedad,24,1996,11,4,390,4.3,1,2,1,0,0,5,0,0.23,0.46,0.69,0.23,0.69,1.1,1.1,0.6,1.8,0.26,0.15,0.41,0.26,0.41,Matches
170,Carlos Fernández\e08647d6,es ESP,FW,Sevilla,24,1996,5,2,143,1.6,0,0,0,0,0,0,0,0.00,0.00,0.00,0.00,0.00,0.1,0.1,0.1,0.2,0.09,0.06,0.14,0.09,0.14,Matches
171,Joaquín Fernández\b86a64b2,es ESP,DF,Valladolid,24,1996,25,24,2073,23.0,1,0,1,0,0,8,0,0.04,0.00,0.04,0.04,0.04,1.3,1.3,0.3,1.5,0.05,0.01,0.07,0.05,0.07,Matches
172,Fernando\41f32541,br BRA,MF,Sevilla,33,1987,31,28,2546,28.3,3,4,3,0,0,6,0,0.11,0.14,0.25,0.11,0.25,0.7,0.7,3.4,4.1,0.02,0.12,0.14,0.02,0.14,Matches
173,David Ferreiro\8970907e,es ESP,MFFW,Huesca,32,1988,37,29,2527,28.1,2,4,2,0,0,5,0,0.07,0.14,0.21,0.07,0.21,1.9,1.9,5.5,7.4,0.07,0.19,0.26,0.07,0.26,Matches
174,Facundo Ferreyra\b39a793e,ar ARG,FW,Celta Vigo,29,1991,13,2,300,3.3,1,0,1,0,0,5,1,0.30,0.00,0.30,0.30,0.30,1.4,1.4,0.0,1.4,0.43,0.00,0.43,0.43,0.43,Matches
175,Fidel\eb82b6f1,es ESP,MFDF,Elche,30,1989,30,28,2396,26.6,6,3,4,2,3,8,0,0.23,0.11,0.34,0.15,0.26,4.1,1.9,5.1,6.9,0.16,0.19,0.35,0.07,0.26,Matches
176,Junior Firpo\24f59bb2,es ESP,DF,Barcelona,23,1996,7,3,289,3.2,1,1,1,0,0,2,0,0.31,0.31,0.62,0.31,0.62,0.8,0.8,0.7,1.5,0.26,0.21,0.47,0.26,0.47,Matches
177,Kingsley Fobi\954c26c9,gh GHA,DF,Granada,21,1998,1,0,45,0.5,0,0,0,0,0,0,0,0.00,0.00,0.00,0.00,0.00,0.0,0.0,0.0,0.0,0.00,0.00,0.00,0.00,0.00,Matches
178,Ramón Folch\dc56efc9,es ESP,MF,Elche,30,1989,1,0,1,0.0,0,0,0,0,0,0,0,0.00,0.00,0.00,0.00,0.00,0.0,0.0,0.0,0.0,0.00,0.00,0.00,0.00,0.00,Matches
179,José Fontán\1827a42d,es ESP,DF,Celta Vigo,20,2000,14,7,652,7.2,0,0,0,0,0,3,1,0.00,0.00,0.00,0.00,0.00,0.6,0.6,0.0,0.6,0.08,0.00,0.08,0.08,0.08,Matches
180,Dimitri Foulquier\45e17712,fr FRA,DF,Granada,27,1993,32,32,2663,29.6,0,4,0,0,0,7,0,0.00,0.14,0.14,0.00,0.14,0.3,0.3,1.8,2.1,0.01,0.06,0.07,0.01,0.07,Matches
181,Juan Foyth\6c7762c3,ar ARG,DFMF,Villarreal,22,1998,16,13,1168,13.0,0,0,0,0,0,6,0,0.00,0.00,0.00,0.00,0.00,0.1,0.1,0.2,0.3,0.01,0.02,0.02,0.01,0.02,Matches
182,Jorge de Frutos\38ce1150,es ESP,MFFW,Levante,23,1997,37,22,2186,24.3,4,9,4,0,0,3,0,0.16,0.37,0.54,0.16,0.54,3.3,3.3,5.3,8.6,0.13,0.22,0.35,0.13,0.35,Matches
183,Ramiro Funes Mori\89cbc961,ar ARG,DF,Villarreal,29,1991,10,8,727,8.1,0,0,0,0,0,1,0,0.00,0.00,0.00,0.00,0.00,1.2,1.2,0.0,1.2,0.15,0.00,0.15,0.15,0.15,Matches
184,Javi Galán\a4b00319,es ESP,DF,Huesca,25,1994,37,34,3065,34.1,1,2,1,0,0,5,0,0.03,0.06,0.09,0.03,0.09,0.2,0.2,3.1,3.3,0.01,0.09,0.10,0.01,0.10,Matches
185,Enric Gallego\82e9b89d,es ESP,FW,Osasuna,33,1986,22,8,806,9.0,0,2,0,0,0,2,0,0.00,0.22,0.22,0.00,0.22,1.5,1.5,0.7,2.1,0.16,0.07,0.24,0.16,0.24,Matches
186,Kévin Gameiro\42276181,fr FRA,FW,Valencia,33,1987,27,10,1077,12.0,4,1,4,0,0,0,0,0.33,0.08,0.42,0.33,0.42,3.4,3.4,1.2,4.6,0.29,0.10,0.38,0.29,0.38,Matches
187,Aleix García\a10361d2,es ESP,MF,Eibar,23,1997,11,5,437,4.9,0,1,0,0,0,1,0,0.00,0.21,0.21,0.00,0.21,0.4,0.4,0.8,1.2,0.07,0.17,0.24,0.07,0.24,Matches
188,Borja García\e7f4603c,es ESP,MFFW,Huesca,29,1990,21,13,1117,12.4,1,0,1,0,0,0,0,0.08,0.00,0.08,0.08,0.08,1.3,1.3,1.2,2.5,0.10,0.10,0.20,0.10,0.20,Matches
189,Dani García\240d3a0b,es ESP,MF,Athletic Club,30,1990,27,21,1920,21.3,0,1,0,0,0,8,0,0.00,0.05,0.05,0.00,0.05,0.4,0.4,0.4,0.8,0.02,0.02,0.04,0.02,0.04,Matches
190,David García\3e42f707,es ESP,DF,Osasuna,26,1994,35,35,3150,35.0,1,0,1,0,0,8,0,0.03,0.00,0.03,0.03,0.03,1.5,1.5,0.3,1.8,0.04,0.01,0.05,0.04,0.05,Matches
191,Manu García\05a4465d,es ESP,MF,Alavés,34,1986,25,10,1124,12.5,0,0,0,0,0,9,1,0.00,0.00,0.00,0.00,0.00,0.7,0.7,0.3,1.0,0.06,0.02,0.08,0.06,0.08,Matches
192,Raúl García\1a317a1b,es ESP,DFMF,Valladolid,31,1989,8,5,504,5.6,1,0,1,0,0,2,0,0.18,0.00,0.18,0.18,0.18,0.1,0.1,0.2,0.4,0.02,0.04,0.07,0.02,0.07,Matches
193,Raúl García\b418dbd4,es ESP,FWMF,Athletic Club,34,1986,34,21,1743,19.4,5,1,3,2,3,8,2,0.26,0.05,0.31,0.15,0.21,6.4,4.1,1.3,5.4,0.33,0.07,0.40,0.21,0.28,Matches
194,Rubén García\5c96b017,es ESP,MFFW,Osasuna,27,1993,37,33,2718,30.2,3,5,2,1,1,2,0,0.10,0.17,0.26,0.07,0.23,3.4,2.7,5.1,7.8,0.11,0.17,0.28,0.09,0.26,Matches
195,Sergi García\a039d52e,es ESP,MF,Alavés,21,1999,2,0,16,0.2,0,0,0,0,0,0,0,0.00,0.00,0.00,0.00,0.00,0.0,0.0,0.0,0.0,0.00,0.00,0.00,0.00,0.00,Matches
196,Unai García\4a633cfe,es ESP,DF,Osasuna,28,1992,17,13,1242,13.8,0,0,0,0,0,3,0,0.00,0.00,0.00,0.00,0.00,0.5,0.5,0.2,0.7,0.04,0.02,0.05,0.04,0.05,Matches
197,Mario Gaspar\fb5d47b3,es ESP,DF,Villarreal,29,1990,24,21,1851,20.6,0,2,0,0,0,3,1,0.00,0.10,0.10,0.00,0.10,0.8,0.8,1.7,2.5,0.04,0.08,0.12,0.04,0.12,Matches
198,Paulo Gazzaniga\63d17038,ar ARG,GK,Elche,28,1992,8,8,720,8.0,0,0,0,0,0,3,0,0.00,0.00,0.00,0.00,0.00,0.0,0.0,0.1,0.1,0.00,0.01,0.01,0.00,0.01,Matches
199,David Gil\fea23125,es ESP,GK,Cádiz,26,1994,4,4,360,4.0,0,0,0,0,0,0,0,0.00,0.00,0.00,0.00,0.00,0.0,0.0,0.0,0.0,0.00,0.00,0.00,0.00,0.00,Matches
200,Álvaro Giménez\18017beb,es ESP,FWMF,Cádiz,29,1991,11,3,407,4.5,2,1,2,0,0,0,0,0.44,0.22,0.66,0.44,0.66,1.4,1.4,0.0,1.4,0.31,0.01,0.32,0.31,0.32,Matches
201,Dani Gómez\0e5ddc7c,es ESP,FW,Levante,22,1998,34,17,1666,18.5,2,2,2,0,0,3,0,0.11,0.11,0.22,0.11,0.22,3.1,3.1,1.1,4.2,0.17,0.06,0.22,0.17,0.22,Matches
202,Ibai Gómez\9d2a3d5f,es ESP,MF,Athletic Club,30,1989,13,4,424,4.7,0,1,0,0,0,0,0,0.00,0.21,0.21,0.00,0.21,0.2,0.2,0.7,0.9,0.04,0.14,0.18,0.04,0.18,Matches
203,Maxi Gómez\4c2e9442,uy URU,FW,Valencia,23,1996,31,31,2689,29.9,7,1,7,0,0,7,1,0.23,0.03,0.27,0.23,0.27,6.8,6.8,0.9,7.8,0.23,0.03,0.26,0.23,0.26,Matches
204,Moi Gómez\5a626448,es ESP,MFFW,Villarreal,26,1994,35,29,2563,28.5,4,0,3,1,1,1,0,0.14,0.00,0.14,0.11,0.11,4.2,3.5,2.5,6.0,0.15,0.09,0.24,0.12,0.21,Matches
205,Papu Gómez\6e4df551,ar ARG,MFFW,Sevilla,32,1988,18,11,914,10.2,3,1,3,0,0,0,0,0.30,0.10,0.39,0.30,0.39,1.2,1.2,1.1,2.3,0.12,0.11,0.22,0.12,0.22,Matches
206,Sergi Gómez\bc6f5f06,es ESP,DF,Sevilla,28,1992,9,9,719,8.0,0,0,0,0,0,2,0,0.00,0.00,0.00,0.00,0.00,0.0,0.0,0.0,0.0,0.00,0.00,0.00,0.00,0.00,Matches
207,Sergio Gómez\01e5f06e,es ESP,MFFW,Huesca,19,2000,29,4,792,8.8,0,1,0,0,0,1,0,0.00,0.11,0.11,0.00,0.11,0.6,0.6,1.2,1.8,0.07,0.14,0.21,0.07,0.21,Matches
208,Maxime Gonalons\b8c1de25,fr FRA,MF,Granada,31,1989,25,18,1480,16.4,0,1,0,0,0,7,1,0.00,0.06,0.06,0.00,0.06,0.1,0.1,0.6,0.7,0.01,0.03,0.04,0.01,0.04,Matches
209,Bruno González\f11fe861,es ESP,DF,Valladolid,30,1990,27,25,2263,25.1,1,0,1,0,0,8,0,0.04,0.00,0.04,0.04,0.04,0.3,0.3,0.0,0.3,0.01,0.00,0.01,0.01,0.01,Matches
210,Diego González\4ac7608e,es ESP,DF,Elche,25,1995,19,15,1280,14.2,1,0,1,0,0,5,0,0.07,0.00,0.07,0.07,0.07,0.5,0.5,0.1,0.6,0.04,0.00,0.04,0.04,0.04,Matches
211,Sergio González\5dd16ace,es ESP,MFDF,Cádiz,23,1997,1,1,90,1.0,0,0,0,0,0,0,0,0.00,0.00,0.00,0.00,0.00,0.0,0.0,0.0,0.0,0.02,0.02,0.04,0.02,0.04,Matches
212,Urko González\c4f5eb61,es ESP,MF,Real Sociedad,19,2001,2,1,47,0.5,0,0,0,0,0,1,0,0.00,0.00,0.00,0.00,0.00,0.0,0.0,0.0,0.0,0.00,0.07,0.07,0.00,0.07,Matches
213,Andoni Gorosabel\6f5f82c0,es ESP,DF,Real Sociedad,23,1996,32,28,2382,26.5,0,1,0,0,0,3,0,0.00,0.04,0.04,0.00,0.04,0.6,0.6,2.4,3.0,0.02,0.09,0.11,0.02,0.11,Matches
214,Antoine Griezmann\df69b544,fr FRA,FWMF,Barcelona,29,1991,36,32,2604,28.9,13,7,12,1,2,4,0,0.45,0.24,0.69,0.41,0.66,13.9,12.4,5.6,18.0,0.48,0.19,0.67,0.43,0.62,Matches
215,Andrés Guardado\ef322658,mx MEX,MF,Betis,33,1986,24,17,1318,14.6,1,0,1,0,0,4,0,0.07,0.00,0.07,0.07,0.07,0.4,0.4,0.5,0.9,0.02,0.04,0.06,0.02,0.06,Matches
216,Sergi Guardiola\32974271,es ESP,FW,Valladolid,29,1991,29,19,1795,19.9,1,2,0,1,2,5,0,0.05,0.10,0.15,0.00,0.10,5.0,3.5,1.6,5.1,0.25,0.08,0.33,0.18,0.25,Matches
217,Nemanja Gudelj\0076ab7f,rs SRB,MFDF,Sevilla,28,1991,30,10,1041,11.6,0,0,0,0,0,8,0,0.00,0.00,0.00,0.00,0.00,0.2,0.2,0.0,0.2,0.02,0.00,0.02,0.02,0.02,Matches
218,Gonçalo Guedes\e6bc67d7,pt POR,MFFW,Valencia,23,1996,31,27,2287,25.4,5,5,5,0,0,3,1,0.20,0.20,0.39,0.20,0.39,3.4,3.4,3.6,7.1,0.14,0.14,0.28,0.14,0.28,Matches
219,Ander Guevara\8e48dc61,es ESP,MF,Real Sociedad,23,1997,31,25,2081,23.1,1,1,1,0,0,5,0,0.04,0.04,0.09,0.04,0.09,0.5,0.5,0.8,1.3,0.02,0.03,0.06,0.02,0.06,Matches
220,John Guidetti\99bebd12,se SWE,FWMF,Alavés,28,1992,10,1,208,2.3,1,0,1,0,0,1,0,0.43,0.00,0.43,0.43,0.43,1.1,1.1,0.0,1.1,0.48,0.01,0.49,0.48,0.49,Matches
221,Hugo Guillamón\f7c12fbf,es ESP,DF,Valencia,20,2000,25,21,1988,22.1,1,0,1,0,0,8,0,0.05,0.00,0.05,0.05,0.05,0.5,0.5,0.0,0.5,0.02,0.00,0.02,0.02,0.02,Matches
222,Jon Guridi\4c0a6a48,es ESP,MF,Real Sociedad,25,1995,17,8,831,9.2,0,1,0,0,0,2,0,0.00,0.11,0.11,0.00,0.11,0.8,0.8,0.7,1.5,0.08,0.08,0.16,0.08,0.16,Matches
223,Raúl Guti\0b2c8585,es ESP,MF,Elche,23,1996,36,33,2862,31.8,3,1,3,0,0,4,1,0.09,0.03,0.13,0.09,0.13,1.5,1.5,0.6,2.1,0.05,0.02,0.07,0.05,0.07,Matches
224,Marcos Mauro López Gutiérrez\b3b62f94,ar ARG,DF,Cádiz,29,1991,24,22,1825,20.3,2,0,2,0,0,2,1,0.10,0.00,0.10,0.10,0.10,1.5,1.5,0.1,1.5,0.07,0.00,0.08,0.07,0.08,Matches
225,Miguel Gutiérrez\7e98cff1,es ESP,DF,Real Madrid,19,2001,6,3,316,3.5,0,1,0,0,0,0,0,0.00,0.28,0.28,0.00,0.28,0.0,0.0,0.2,0.2,0.00,0.06,0.06,0.00,0.06,Matches
226,Munir El Haddadi\8696bc90,ma MAR,FW,Sevilla,24,1995,24,9,845,9.4,4,2,4,0,0,2,0,0.43,0.21,0.64,0.43,0.64,3.5,3.5,1.6,5.1,0.37,0.17,0.55,0.37,0.55,Matches
227,Eden Hazard\a39bb753,be BEL,FWMF,Real Madrid,29,1991,14,7,532,5.9,3,2,3,0,0,0,0,0.51,0.34,0.85,0.51,0.85,1.6,1.6,0.8,2.4,0.27,0.14,0.40,0.27,0.40,Matches
228,Mario Hermoso\555f3a0b,es ESP,DF,Atlético Madrid,25,1995,31,30,2578,28.6,1,1,1,0,0,6,0,0.03,0.03,0.07,0.03,0.07,1.2,1.2,0.4,1.6,0.04,0.02,0.06,0.04,0.06,Matches
229,Aridane Hernández\132ac341,gq EQG,DF,Osasuna,31,1989,24,24,2026,22.5,0,0,0,0,0,3,1,0.00,0.00,0.00,0.00,0.00,0.1,0.1,0.5,0.6,0.00,0.02,0.03,0.00,0.03,Matches
230,Héctor Herrera\a8542814,mx MEX,MF,Atlético Madrid,30,1990,16,8,682,7.6,0,1,0,0,0,2,0,0.00,0.13,0.13,0.00,0.13,0.2,0.2,0.3,0.6,0.03,0.04,0.08,0.03,0.08,Matches
231,Sergio Herrera\a4995f48,es ESP,GK,Osasuna,27,1993,33,32,2958,32.9,0,0,0,0,0,2,0,0.00,0.00,0.00,0.00,0.00,0.0,0.0,0.0,0.0,0.00,0.00,0.00,0.00,0.00,Matches
232,Yangel Herrera\e778654a,ve VEN,MF,Granada,22,1998,32,25,2310,25.7,3,1,3,0,0,7,0,0.12,0.04,0.16,0.12,0.16,1.9,1.9,1.1,3.0,0.07,0.04,0.12,0.07,0.12,Matches
233,Pablo Hervías\ba5a9545,es ESP,DFMF,Valladolid,27,1993,27,10,1204,13.4,0,5,0,0,0,1,0,0.00,0.37,0.37,0.00,0.37,0.5,0.5,3.4,3.8,0.04,0.25,0.29,0.04,0.29,Matches
234,Jordan Holsgrove\8a6daac3,sct SCO,MF,Celta Vigo,20,1999,5,0,145,1.6,0,0,0,0,0,0,0,0.00,0.00,0.00,0.00,0.00,0.1,0.1,0.0,0.1,0.05,0.02,0.07,0.05,0.07,Matches
235,Vicente Iborra\ad1ffcfd,es ESP,MF,Villarreal,32,1988,13,10,928,10.3,0,0,0,0,0,4,0,0.00,0.00,0.00,0.00,0.00,0.2,0.2,0.2,0.3,0.02,0.02,0.03,0.02,0.03,Matches
236,Oussama Idrissi\34caa4b3,ma MAR,FWMF,Sevilla,24,1996,3,0,27,0.3,0,0,0,0,0,0,0,0.00,0.00,0.00,0.00,0.00,0.3,0.3,0.0,0.3,0.96,0.00,0.96,0.96,0.96,Matches
237,Iglesias\974322dc,es ESP,DFMF,Getafe,22,1998,10,7,605,6.7,0,0,0,0,0,2,0,0.00,0.00,0.00,0.00,0.00,0.1,0.1,0.3,0.4,0.02,0.05,0.06,0.02,0.06,Matches
238,Borja Iglesias\75645f0e,es ESP,FW,Betis,27,1993,28,15,1411,15.7,11,0,6,5,5,2,0,0.70,0.00,0.70,0.38,0.38,7.7,3.9,0.5,4.4,0.49,0.03,0.52,0.25,0.28,Matches
239,Asier Illarramendi\5ce0b5ba,es ESP,MF,Real Sociedad,30,1990,6,6,337,3.7,0,0,0,0,0,2,0,0.00,0.00,0.00,0.00,0.00,0.0,0.0,0.0,0.0,0.00,0.01,0.01,0.00,0.01,Matches
240,Pablo Insua\4b5e7e90,es ESP,DF,Huesca,26,1993,20,17,1587,17.6,0,0,0,0,0,9,0,0.00,0.00,0.00,0.00,0.00,0.1,0.1,0.1,0.2,0.01,0.00,0.01,0.01,0.01,Matches
241,Takashi Inui\61bd33d0,jp JPN,MFFW,Eibar,32,1988,28,22,1819,20.2,1,0,1,0,0,0,0,0.05,0.00,0.05,0.05,0.05,2.4,2.4,1.9,4.3,0.12,0.09,0.21,0.12,0.21,Matches
242,Alexander Isak\8e92be30,se SWE,FW,Real Sociedad,20,1999,34,30,2340,26.0,17,2,17,0,1,4,0,0.65,0.08,0.73,0.65,0.73,15.5,14.7,2.3,17.0,0.60,0.09,0.68,0.57,0.66,Matches
243,Isco\a0b4bb3e,es ESP,MFFW,Real Madrid,28,1992,25,8,908,10.1,0,2,0,0,0,1,0,0.00,0.20,0.20,0.00,0.20,1.8,1.8,1.7,3.5,0.18,0.17,0.35,0.18,0.35,Matches
244,Jairo Izquierdo\2ceb58ab,es ESP,MFDF,Cádiz,26,1993,30,11,1277,14.2,1,0,1,0,0,4,0,0.07,0.00,0.07,0.07,0.07,0.8,0.8,0.9,1.8,0.06,0.07,0.12,0.06,0.12,Matches
245,Saidy Janko\689c9cf4,gm GAM,DF,Valladolid,24,1995,19,14,1220,13.6,0,1,0,0,0,4,0,0.00,0.07,0.07,0.00,0.07,0.4,0.4,0.4,0.8,0.03,0.03,0.06,0.03,0.06,Matches
246,Adnan Januzaj\4737cebe,be BEL,FWMF,Real Sociedad,25,1995,27,12,1014,11.3,4,5,1,3,3,2,0,0.36,0.44,0.80,0.09,0.53,5.1,2.8,4.4,7.2,0.45,0.39,0.85,0.25,0.64,Matches
247,Jason\9038c2a1,es ESP,MFDF,Valencia,26,1994,17,4,441,4.9,0,0,0,0,0,4,1,0.00,0.00,0.00,0.00,0.00,0.2,0.2,0.6,0.8,0.03,0.12,0.16,0.03,0.16,Matches
248,Luis Javier Suárez\eeba07f8,co COL,FWMF,Granada,22,1997,27,18,1666,18.5,5,1,5,0,0,6,0,0.27,0.05,0.32,0.27,0.32,6.7,6.7,1.4,8.0,0.36,0.07,0.43,0.36,0.43,Matches
249,Joaquín\4c5b14d2,es ESP,FWMF,Betis,39,1981,27,16,1291,14.3,2,6,2,0,0,2,0,0.14,0.42,0.56,0.14,0.56,1.0,1.0,2.5,3.5,0.07,0.18,0.24,0.07,0.24,Matches
250,John Joe\fd01216a,ie IRL,MFDF,Getafe,16,2003,6,0,65,0.7,0,0,0,0,0,0,0,0.00,0.00,0.00,0.00,0.00,0.1,0.1,0.0,0.1,0.18,0.00,0.18,0.18,0.18,Matches
251,Frenkie de Jong\1bacc518,nl NED,MFDF,Barcelona,23,1997,37,35,3154,35.0,3,4,3,0,0,5,0,0.09,0.11,0.20,0.09,0.20,5.5,5.5,5.5,11.0,0.16,0.16,0.31,0.16,0.31,Matches
252,Luuk de Jong\abb3bb95,nl NED,FW,Sevilla,29,1990,34,14,1268,14.1,4,0,4,0,0,3,0,0.28,0.00,0.28,0.28,0.28,3.8,3.8,1.1,4.9,0.27,0.08,0.35,0.27,0.35,Matches
253,Jony\244f57b9,es ESP,MFFW,Osasuna,29,1991,22,9,871,9.7,0,2,0,0,0,0,0,0.00,0.21,0.21,0.00,0.21,0.7,0.7,2.3,3.0,0.07,0.24,0.31,0.07,0.31,Matches
254,Joan Jordán\2a0c8ba4,es ESP,MF,Sevilla,26,1994,35,28,2406,26.7,1,6,1,0,0,8,1,0.04,0.22,0.26,0.04,0.26,1.5,1.5,2.8,4.3,0.05,0.11,0.16,0.05,0.16,Matches
255,Josan\5b28b2f6,es ESP,MFDF,Elche,30,1989,33,24,1926,21.4,4,2,4,0,0,3,0,0.19,0.09,0.28,0.19,0.28,1.7,1.7,1.6,3.3,0.08,0.07,0.15,0.08,0.15,Matches
256,Willian José\d87e2cae,br BRA,FW,Real Sociedad,28,1991,13,8,689,7.7,3,1,3,0,1,0,0,0.39,0.13,0.52,0.39,0.52,4.3,3.5,0.9,4.4,0.56,0.11,0.67,0.46,0.58,Matches
257,Joselu\6265208f,es ESP,FW,Alavés,30,1990,37,34,3026,33.6,11,3,9,2,4,1,0,0.33,0.09,0.42,0.27,0.36,13.7,10.6,3.0,13.6,0.41,0.09,0.50,0.32,0.41,Matches
258,Josema\ed3f5f4c,es ESP,DF,Elche,24,1996,29,21,1966,21.8,0,1,0,0,0,3,0,0.00,0.05,0.05,0.00,0.05,0.3,0.3,0.6,0.8,0.01,0.03,0.04,0.01,0.04,Matches
259,Jota\9f351459,es ESP,MF,Alavés,29,1991,23,18,1398,15.5,0,2,0,0,0,5,1,0.00,0.13,0.13,0.00,0.13,0.9,0.9,1.9,2.8,0.06,0.12,0.18,0.06,0.18,Matches
260,Jota\2b65fe46,pt POR,MFFW,Valladolid,21,1999,17,7,668,7.4,1,0,1,0,0,1,0,0.13,0.00,0.13,0.13,0.13,1.1,1.1,0.2,1.2,0.14,0.02,0.17,0.14,0.17,Matches
261,Luka Jović\4d8cd038,rs SRB,FWMF,Real Madrid,22,1997,4,2,149,1.7,0,0,0,0,0,0,0,0.00,0.00,0.00,0.00,0.00,1.1,1.1,0.1,1.2,0.67,0.08,0.75,0.67,0.75,Matches
262,Juanmi\84399660,es ESP,FWMF,Betis,27,1993,16,5,604,6.7,2,0,2,0,0,1,0,0.30,0.00,0.30,0.30,0.30,3.0,3.0,0.1,3.1,0.45,0.01,0.46,0.45,0.46,Matches
263,Vinicius Júnior\7111d552,br BRA,FW,Real Madrid,20,2000,35,22,1969,21.9,3,3,3,0,0,3,0,0.14,0.14,0.27,0.14,0.27,6.5,6.5,3.1,9.6,0.30,0.14,0.44,0.30,0.44,Matches
264,Jens Jønsson\53520a67,dk DEN,MF,Cádiz,27,1993,35,33,2615,29.1,0,0,0,0,0,6,0,0.00,0.00,0.00,0.00,0.00,0.8,0.8,1.7,2.5,0.03,0.06,0.09,0.03,0.09,Matches
265,Damian Kądzior\bb6c6331,pl POL,FWMF,Eibar,28,1992,6,2,195,2.2,0,0,0,0,0,0,0,0.00,0.00,0.00,0.00,0.00,0.1,0.1,0.0,0.1,0.05,0.01,0.06,0.05,0.06,Matches
266,Lee Kangin\8455ad90,kr KOR,FWMF,Valencia,19,2001,24,15,1262,14.0,0,4,0,0,0,1,0,0.00,0.29,0.29,0.00,0.29,1.2,1.2,2.5,3.8,0.09,0.18,0.27,0.09,0.27,Matches
267,Stephane Keller\89d1e9fa,cm CMR,DF,Alavés,18,2001,1,0,16,0.2,0,0,0,0,0,0,0,0.00,0.00,0.00,0.00,0.00,0.0,0.0,0.0,0.0,0.00,0.00,0.00,0.00,0.00,Matches
268,Kenedy\5eebbfdf,br BRA,FWMF,Granada,24,1996,28,18,1471,16.3,4,3,4,0,0,3,0,0.24,0.18,0.43,0.24,0.43,2.1,2.1,2.6,4.7,0.13,0.16,0.29,0.13,0.29,Matches
269,Kike\e897d8ba,es ESP,FW,Eibar,30,1989,37,36,3087,34.3,12,2,12,0,0,4,1,0.35,0.06,0.41,0.35,0.41,10.4,10.4,2.1,12.5,0.30,0.06,0.37,0.30,0.37,Matches
270,Giorgi Kochorashvili\3da1b6ed,ge GEO,MF,Levante,21,1999,3,0,23,0.3,0,0,0,0,0,0,0,0.00,0.00,0.00,0.00,0.00,0.0,0.0,0.0,0.0,0.03,0.15,0.18,0.03,0.18,Matches
271,Kenan Kodro\e82d2807,ba BIH,FWMF,Athletic Club,26,1993,3,0,44,0.5,1,0,0,1,1,1,0,2.05,0.00,2.05,0.00,0.00,0.8,0.0,0.0,0.0,1.60,0.00,1.60,0.04,0.04,Matches
272,Kenan Kodro\e82d2807,ba BIH,FWMF,Valladolid,26,1993,14,4,459,5.1,0,0,0,0,0,1,0,0.00,0.00,0.00,0.00,0.00,1.1,1.1,0.1,1.2,0.21,0.03,0.24,0.21,0.24,Matches
273,Koba Koindredi\3a58d075,fr FRA,MF,Valencia,18,2001,2,0,15,0.2,0,0,0,0,0,0,0,0.00,0.00,0.00,0.00,0.00,0.0,0.0,0.0,0.0,0.00,0.00,0.00,0.00,0.00,Matches
274,Koke\55126f3b,es ESP,MF,Atlético Madrid,28,1992,37,34,3021,33.6,1,2,1,0,0,9,0,0.03,0.06,0.09,0.03,0.09,1.9,1.9,2.6,4.5,0.06,0.08,0.13,0.06,0.13,Matches
275,Geoffrey Kondogbia\cce181df,cf CTA,MFFW,Atlético Madrid,27,1993,25,4,611,6.8,0,0,0,0,0,4,0,0.00,0.00,0.00,0.00,0.00,0.2,0.2,0.3,0.4,0.02,0.04,0.07,0.02,0.07,Matches
276,Geoffrey Kondogbia\cce181df,cf CTA,MF,Valencia,27,1993,5,5,440,4.9,0,0,0,0,0,1,0,0.00,0.00,0.00,0.00,0.00,0.1,0.1,0.0,0.1,0.01,0.00,0.01,0.01,0.01,Matches
277,Youssouf Koné\e6eadfb8,ml MLI,DFFW,Elche,25,1995,3,1,73,0.8,0,0,0,0,0,0,0,0.00,0.00,0.00,0.00,0.00,0.0,0.0,0.0,0.0,0.00,0.00,0.00,0.00,0.00,Matches
278,Jules Koundé\4d1666ff,fr FRA,DF,Sevilla,21,1998,34,33,2975,33.1,2,1,2,0,0,4,0,0.06,0.03,0.09,0.06,0.09,2.1,2.1,0.7,2.8,0.06,0.02,0.08,0.06,0.08,Matches
279,Toni Kroos\6ce1f46f,de GER,MF,Real Madrid,30,1990,28,24,2117,23.5,3,10,3,0,0,6,0,0.13,0.43,0.55,0.13,0.55,2.2,2.2,6.7,8.9,0.09,0.28,0.38,0.09,0.38,Matches
280,Takefusa Kubo\16aa3654,jp JPN,MFFW,Getafe,19,2001,18,8,805,8.9,1,1,1,0,0,2,0,0.11,0.11,0.22,0.11,0.22,0.9,0.9,0.8,1.7,0.10,0.09,0.19,0.10,0.19,Matches
281,Takefusa Kubo\16aa3654,jp JPN,MFFW,Villarreal,19,2001,13,2,299,3.3,0,0,0,0,0,2,1,0.00,0.00,0.00,0.00,0.00,1.4,1.4,0.5,1.9,0.41,0.16,0.57,0.41,0.57,Matches
282,Kuki\2b6dc4d7,es ESP,MF,Valladolid,22,1998,2,0,30,0.3,0,1,0,0,0,0,0,0.00,3.00,3.00,0.00,3.00,0.0,0.0,0.1,0.1,0.00,0.16,0.16,0.00,0.16,Matches
283,Víctor Laguardia\b7c99b9b,es ESP,DF,Alavés,30,1989,32,30,2631,29.2,0,1,0,0,0,5,1,0.00,0.03,0.03,0.00,0.03,1.1,1.1,1.0,2.1,0.04,0.03,0.07,0.04,0.07,Matches
284,Diego Lainez\bf12926c,mx MEX,FW,Betis,20,2000,21,8,862,9.6,0,2,0,0,0,5,0,0.00,0.21,0.21,0.00,0.21,0.9,0.9,0.9,1.8,0.10,0.09,0.19,0.10,0.19,Matches
285,Toni Lato\8e088e04,es ESP,DF,Valencia,22,1997,15,8,728,8.1,1,0,1,0,0,3,0,0.12,0.00,0.12,0.12,0.12,1.0,1.0,0.3,1.3,0.12,0.04,0.16,0.12,0.16,Matches
286,Lauti\f934c5c9,uy URU,MFFW,Celta Vigo,19,2001,1,0,14,0.2,0,0,0,0,0,0,0,0.00,0.00,0.00,0.00,0.00,0.0,0.0,0.0,0.0,0.00,0.00,0.00,0.00,0.00,Matches
287,Robin Le Normand\9a64e67e,fr FRA,DF,Real Sociedad,23,1996,33,30,2747,30.5,0,1,0,0,0,5,1,0.00,0.03,0.03,0.00,0.03,2.0,2.0,0.1,2.1,0.07,0.00,0.07,0.07,0.07,Matches
288,Jeremías Ledesma\6c4776b1,ar ARG,GK,Cádiz,27,1993,32,32,2880,32.0,0,0,0,0,0,0,0,0.00,0.00,0.00,0.00,0.00,0.0,0.0,0.0,0.0,0.00,0.00,0.00,0.00,0.00,Matches
289,Florian Lejeune\6eaed4eb,fr FRA,DF,Alavés,29,1991,34,34,3015,33.5,1,1,1,0,0,10,0,0.03,0.03,0.06,0.03,0.06,2.2,2.2,0.3,2.5,0.06,0.01,0.07,0.06,0.07,Matches
290,Iñigo Lekue\59b7d823,es ESP,DF,Athletic Club,27,1993,18,5,644,7.2,0,0,0,0,0,1,0,0.00,0.00,0.00,0.00,0.00,0.1,0.1,0.4,0.5,0.01,0.06,0.07,0.01,0.07,Matches
291,Thomas Lemar\4dbd0916,fr FRA,MFFW,Atlético Madrid,24,1995,27,19,1366,15.2,1,3,1,0,0,4,0,0.07,0.20,0.26,0.07,0.26,1.3,1.3,2.0,3.3,0.09,0.13,0.22,0.09,0.22,Matches
292,Clément Lenglet\4f28a6ff,fr FRA,DF,Barcelona,25,1995,33,29,2475,27.5,1,0,1,0,0,11,2,0.04,0.00,0.04,0.04,0.04,1.4,1.4,0.9,2.3,0.05,0.03,0.08,0.05,0.08,Matches
293,Pedro León\d66b9872,es ESP,MFFW,Eibar,33,1986,24,10,935,10.4,1,2,1,0,0,2,0,0.10,0.19,0.29,0.10,0.29,1.3,1.3,2.3,3.5,0.12,0.22,0.34,0.12,0.34,Matches
294,Sergio León\0a0cc13c,es ESP,FW,Levante,31,1989,28,6,748,8.3,2,0,2,0,0,0,0,0.24,0.00,0.24,0.24,0.24,2.3,2.3,0.3,2.7,0.28,0.04,0.32,0.28,0.32,Matches
295,Diego Llorente\bba30585,es ESP,DF,Real Sociedad,26,1993,1,1,90,1.0,0,0,0,0,0,0,0,0.00,0.00,0.00,0.00,0.00,0.0,0.0,0.0,0.0,0.00,0.00,0.00,0.00,0.00,Matches
296,Marcos Llorente\02c15616,es ESP,MFDF,Atlético Madrid,25,1995,37,33,2956,32.8,12,11,12,0,0,6,0,0.37,0.33,0.70,0.37,0.70,4.3,4.3,5.2,9.5,0.13,0.16,0.29,0.13,0.29,Matches
297,Renan Lodi\ed9f7cfe,br BRA,DF,Atlético Madrid,22,1998,23,11,1129,12.5,1,2,1,0,0,3,0,0.08,0.16,0.24,0.08,0.24,0.7,0.7,1.1,1.9,0.06,0.09,0.15,0.06,0.15,Matches
298,Pedro López Muñoz\a60823a4,es ESP,DF,Huesca,36,1983,22,10,1067,11.9,0,1,0,0,0,2,0,0.00,0.08,0.08,0.00,0.08,0.1,0.1,0.8,0.8,0.01,0.06,0.07,0.01,0.07,Matches
299,Adrián López\88a359d4,es ESP,FWMF,Osasuna,32,1988,17,5,481,5.3,1,1,1,0,0,0,0,0.19,0.19,0.37,0.19,0.37,1.3,1.3,0.8,2.1,0.24,0.15,0.39,0.24,0.39,Matches
300,Javi López\e9ada8cf,es ESP,DFMF,Alavés,18,2002,9,1,248,2.8,0,0,0,0,0,1,1,0.00,0.00,0.00,0.00,0.00,0.1,0.1,0.1,0.2,0.03,0.04,0.07,0.03,0.07,Matches
301,Roberto López\2a8c9f98,es ESP,MFFW,Real Sociedad,20,2000,17,4,505,5.6,3,0,3,0,0,0,0,0.53,0.00,0.53,0.53,0.53,1.0,1.0,1.7,2.7,0.17,0.30,0.47,0.17,0.47,Matches
302,Unai López\88050721,es ESP,MF,Athletic Club,24,1995,26,15,1424,15.8,3,0,3,0,0,7,0,0.19,0.00,0.19,0.19,0.19,1.2,1.2,1.2,2.4,0.08,0.08,0.15,0.08,0.15,Matches
303,Anthony Lozano\38699c72,hn HON,FWMF,Cádiz,27,1993,29,18,1523,16.9,3,1,3,0,0,5,0,0.18,0.06,0.24,0.18,0.24,5.4,5.4,1.0,6.3,0.32,0.06,0.37,0.32,0.37,Matches
304,Jeison Lucumí\8abefbcf,co COL,FWMF,Elche,25,1995,2,1,49,0.5,0,0,0,0,0,0,0,0.00,0.00,0.00,0.00,0.00,0.0,0.0,0.0,0.0,0.00,0.00,0.00,0.00,0.00,Matches
305,José Luis Gayà\b05e2dbd,es ESP,DF,Valencia,25,1995,33,32,2846,31.6,1,7,1,0,0,6,0,0.03,0.22,0.25,0.03,0.25,1.9,1.9,4.7,6.6,0.06,0.15,0.21,0.06,0.21,Matches
306,José Luis Morales\4a478107,es ESP,FWMF,Levante,33,1987,38,30,2439,27.1,13,3,13,0,1,3,0,0.48,0.11,0.59,0.48,0.59,8.3,7.5,3.6,11.1,0.31,0.13,0.44,0.28,0.41,Matches
307,Luisinho\a7f00c8c,pt POR,DF,Huesca,35,1985,5,2,179,2.0,0,0,0,0,0,1,0,0.00,0.00,0.00,0.00,0.00,0.0,0.0,0.0,0.0,0.01,0.00,0.01,0.01,0.01,Matches
308,Luismi\c2cfbfc9,es ESP,MFDF,Elche,28,1992,11,2,168,1.9,0,0,0,0,0,0,0,0.00,0.00,0.00,0.00,0.00,0.0,0.0,0.0,0.0,0.00,0.00,0.00,0.00,0.00,Matches
309,Darwin Machís\ed6ea4d9,ve VEN,FWMF,Granada,27,1993,32,21,2026,22.5,4,5,4,0,1,1,0,0.18,0.22,0.40,0.18,0.40,4.9,4.1,4.2,8.3,0.22,0.19,0.40,0.18,0.37,Matches
310,Pablo Maffeo\5db04597,es ESP,DF,Huesca,23,1997,25,25,1964,21.8,1,4,1,0,0,4,0,0.05,0.18,0.23,0.05,0.23,0.7,0.7,2.0,2.6,0.03,0.09,0.12,0.03,0.12,Matches
311,Abdallahi Mahmoud\ab99e4a0,mr MTN,MF,Alavés,20,2000,2,1,66,0.7,0,0,0,0,0,0,0,0.00,0.00,0.00,0.00,0.00,0.0,0.0,0.0,0.0,0.00,0.02,0.02,0.00,0.02,Matches
312,Nemanja Maksimović\00b28772,rs SRB,MF,Getafe,25,1995,35,34,2728,30.3,1,0,1,0,0,5,0,0.03,0.00,0.03,0.03,0.03,1.8,1.8,1.1,3.0,0.06,0.04,0.10,0.06,0.10,Matches
313,Filip Malbašić\04981123,rs SRB,FWMF,Cádiz,27,1992,28,8,860,9.6,0,1,0,0,0,2,0,0.00,0.10,0.10,0.00,0.10,0.6,0.6,0.0,0.6,0.06,0.00,0.06,0.06,0.06,Matches
314,Hugo Mallo\cb574619,es ESP,DF,Celta Vigo,29,1991,31,30,2602,28.9,3,1,3,0,0,8,0,0.10,0.03,0.14,0.10,0.14,1.5,1.5,2.3,3.8,0.05,0.08,0.13,0.05,0.13,Matches
315,Mickael Malsa\bbc19252,mq MTQ,MF,Levante,24,1995,35,25,2338,26.0,1,0,1,0,0,5,0,0.04,0.00,0.04,0.04,0.04,1.6,1.6,0.4,2.0,0.06,0.02,0.08,0.06,0.08,Matches
316,Aïssa Mandi\fbd6378b,dz ALG,DF,Betis,28,1991,28,27,2392,26.6,3,1,3,0,0,6,2,0.11,0.04,0.15,0.11,0.15,2.3,2.3,0.1,2.4,0.09,0.01,0.09,0.09,0.09,Matches
317,Eliaquim Mangala\f520049f,fr FRA,DF,Valencia,29,1991,7,4,321,3.6,0,0,0,0,0,1,0,0.00,0.00,0.00,0.00,0.00,0.5,0.5,0.0,0.5,0.15,0.00,0.15,0.15,0.15,Matches
318,Maranhão\ae86d473,br BRA,FW,Valladolid,23,1996,23,11,1177,13.1,4,1,4,0,0,3,0,0.31,0.08,0.38,0.31,0.38,3.8,3.8,0.6,4.4,0.29,0.05,0.33,0.29,0.33,Matches
319,Marcelo\603116a7,br BRA,DF,Real Madrid,32,1988,16,12,1050,11.7,0,2,0,0,0,3,0,0.00,0.17,0.17,0.00,0.17,0.4,0.4,1.2,1.6,0.04,0.10,0.13,0.04,0.13,Matches
320,Iván Marcone\b14f755d,ar ARG,MF,Elche,30,1990,33,30,2645,29.4,0,0,0,0,0,10,1,0.00,0.00,0.00,0.00,0.00,0.1,0.1,0.6,0.7,0.00,0.02,0.02,0.00,0.02,Matches
321,Óscar de Marcos\9f323c71,es ESP,DFMF,Athletic Club,31,1989,25,17,1520,16.9,1,2,1,0,0,2,0,0.06,0.12,0.18,0.06,0.18,1.3,1.3,1.8,3.1,0.08,0.11,0.19,0.08,0.19,Matches
322,José Mari\6f4c734d,es ESP,MF,Cádiz,32,1987,22,18,1451,16.1,1,0,0,1,1,5,0,0.06,0.00,0.06,0.00,0.00,1.2,0.4,0.4,0.8,0.07,0.03,0.10,0.02,0.05,Matches
323,José María Giménez\f0da930c,uy URU,DF,Atlético Madrid,25,1995,21,20,1765,19.6,0,0,0,0,0,5,0,0.00,0.00,0.00,0.00,0.00,0.9,0.9,0.2,1.1,0.05,0.01,0.06,0.05,0.06,Matches
324,Mariano\5c4dc0ff,do DOM,FW,Real Madrid,26,1993,16,5,513,5.7,1,0,1,0,0,0,0,0.18,0.00,0.18,0.18,0.18,1.5,1.5,0.2,1.6,0.26,0.03,0.28,0.26,0.28,Matches
325,Adrián Marín\b7f2edff,es ESP,DFFW,Granada,23,1997,9,3,269,3.0,0,1,0,0,0,1,0,0.00,0.33,0.33,0.00,0.33,0.1,0.1,0.1,0.2,0.03,0.04,0.07,0.03,0.07,Matches
326,Adrián Marín\b7f2edff,es ESP,DFMF,Alavés,23,1997,5,1,93,1.0,0,0,0,0,0,0,0,0.00,0.00,0.00,0.00,0.00,0.1,0.1,0.5,0.6,0.07,0.52,0.58,0.07,0.58,Matches
327,Roger Martí\0ae4e09a,es ESP,FW,Levante,29,1991,33,26,2198,24.4,12,4,10,2,4,4,0,0.49,0.16,0.66,0.41,0.57,9.3,6.3,2.5,8.8,0.38,0.10,0.48,0.26,0.36,Matches
328,Aarón Martín\2f3e911a,es ESP,DF,Celta Vigo,23,1997,19,17,1540,17.1,0,3,0,0,0,1,0,0.00,0.18,0.18,0.00,0.18,0.2,0.2,1.2,1.4,0.01,0.07,0.08,0.01,0.08,Matches
329,Álex Martín\80153344,es ESP,DF,Cádiz,22,1998,2,1,96,1.1,0,0,0,0,0,0,0,0.00,0.00,0.00,0.00,0.00,0.0,0.0,0.0,0.0,0.00,0.00,0.00,0.00,0.00,Matches
330,Iñigo Martínez\3fc45c73,es ESP,DF,Athletic Club,29,1991,28,28,2519,28.0,1,0,1,0,0,9,1,0.04,0.00,0.04,0.04,0.04,1.3,1.3,0.6,2.0,0.05,0.02,0.07,0.05,0.07,Matches
331,Javi Martínez\3672b352,es ESP,MFFW,Osasuna,20,1999,13,6,460,5.1,1,1,1,0,0,1,0,0.20,0.20,0.39,0.20,0.39,0.6,0.6,0.5,1.1,0.11,0.10,0.21,0.11,0.21,Matches
332,Marvin\efaefda0,es ESP,DFFW,Real Madrid,20,2000,4,2,133,1.5,0,1,0,0,0,0,0,0.00,0.68,0.68,0.00,0.68,0.2,0.2,0.2,0.4,0.11,0.13,0.24,0.11,0.24,Matches
333,Jordi Masip\8fae77ea,es ESP,GK,Valladolid,31,1989,25,25,2250,25.0,0,0,0,0,0,3,0,0.00,0.00,0.00,0.00,0.00,0.0,0.0,0.0,0.0,0.00,0.00,0.00,0.00,0.00,Matches
334,Jaime Mata\02319ad7,es ESP,FW,Getafe,31,1988,33,23,2037,22.6,5,0,4,1,2,9,1,0.22,0.00,0.22,0.18,0.18,6.6,5.1,1.2,6.3,0.29,0.05,0.34,0.23,0.28,Matches
335,Borja Mayoral\64e8ed6d,es ESP,FW,Real Madrid,23,1997,2,0,23,0.3,0,0,0,0,0,0,0,0.00,0.00,0.00,0.00,0.00,0.0,0.0,0.0,0.0,0.00,0.00,0.00,0.00,0.00,Matches
336,Gonzalo Melero\3902e91b,es ESP,MFFW,Levante,26,1994,29,21,1853,20.6,7,1,7,0,0,4,0,0.34,0.05,0.39,0.34,0.39,3.1,3.1,1.7,4.8,0.15,0.08,0.23,0.15,0.23,Matches
337,Brais Méndez\c9e39d91,es ESP,MFFW,Celta Vigo,23,1997,34,30,2671,29.7,9,0,8,1,1,8,0,0.30,0.00,0.30,0.27,0.27,7.5,6.7,2.0,8.7,0.25,0.07,0.32,0.23,0.29,Matches
338,Édgar Méndez\aed746df,es ESP,MFFW,Alavés,30,1990,33,26,2090,23.2,5,1,5,0,0,12,1,0.22,0.04,0.26,0.22,0.26,5.4,5.4,1.4,6.9,0.23,0.06,0.30,0.23,0.30,Matches
339,Eñaut Mendía\aa7da569,es ESP,FW,Eibar,21,1999,1,1,61,0.7,0,0,0,0,0,1,0,0.00,0.00,0.00,0.00,0.00,0.0,0.0,0.0,0.0,0.02,0.00,0.02,0.02,0.02,Matches
340,Ferland Mendy\3cefcaef,fr FRA,DF,Real Madrid,25,1995,26,24,2208,24.5,1,0,1,0,0,3,0,0.04,0.00,0.04,0.04,0.04,0.6,0.6,1.7,2.3,0.02,0.07,0.09,0.02,0.09,Matches
341,Mikel Merino\d080ed5e,es ESP,MF,Real Sociedad,24,1996,26,25,2154,23.9,2,4,2,0,0,5,0,0.08,0.17,0.25,0.08,0.25,3.7,3.7,2.1,5.8,0.16,0.09,0.24,0.16,0.24,Matches
342,Martín Merquelanz\ddd5348b,es ESP,FWMF,Real Sociedad,25,1995,13,4,549,6.1,0,1,0,0,0,0,0,0.00,0.16,0.16,0.00,0.16,1.1,1.1,1.8,2.9,0.19,0.29,0.47,0.19,0.47,Matches
343,Roque Mesa\7c4243d4,es ESP,MF,Valladolid,31,1989,25,21,1761,19.6,1,0,0,1,1,4,1,0.05,0.00,0.05,0.00,0.00,1.7,0.9,1.1,2.0,0.08,0.06,0.14,0.05,0.10,Matches
344,Lionel Messi\d70ce98e,ar ARG,FWMF,Barcelona,33,1987,35,33,3023,33.6,30,9,27,3,5,4,0,0.89,0.27,1.16,0.80,1.07,23.6,19.5,10.8,30.3,0.70,0.32,1.03,0.58,0.90,Matches
345,Omenuke Mfulu\bdc14559,cd COD,MF,Elche,26,1994,20,9,789,8.8,0,0,0,0,0,4,0,0.00,0.00,0.00,0.00,0.00,0.1,0.1,0.0,0.1,0.01,0.00,0.01,0.01,0.01,Matches
346,Míchel\418f8f61,es ESP,MF,Valladolid,32,1988,22,10,946,10.5,2,0,2,0,0,3,0,0.19,0.00,0.19,0.19,0.19,0.6,0.6,0.8,1.3,0.05,0.07,0.13,0.05,0.13,Matches
347,Éder Militão\2784f898,br BRA,DF,Real Madrid,22,1998,14,13,1133,12.6,1,0,1,0,0,3,1,0.08,0.00,0.08,0.08,0.08,1.1,1.1,0.0,1.1,0.09,0.00,0.09,0.09,0.09,Matches
348,Luis Milla\19c36442,es ESP,MF,Granada,25,1994,16,14,1253,13.9,1,1,1,0,0,1,0,0.07,0.07,0.14,0.07,0.14,0.5,0.5,2.1,2.6,0.04,0.15,0.19,0.04,0.19,Matches
349,Pere Milla\335039a2,es ESP,FWMF,Elche,27,1992,32,22,1981,22.0,4,3,4,0,0,6,0,0.18,0.14,0.32,0.18,0.32,5.6,5.6,1.7,7.3,0.26,0.08,0.33,0.26,0.33,Matches
350,Álex Millán\29ad0dd4,es ESP,FW,Villarreal,20,1999,1,0,2,0.0,0,0,0,0,0,0,0,0.00,0.00,0.00,0.00,0.00,0.0,0.0,0.0,0.0,0.00,0.00,0.00,0.00,0.00,Matches
351,Santi Mina\0b90bb97,es ESP,FW,Celta Vigo,24,1995,34,29,2412,26.8,12,3,11,1,1,4,0,0.45,0.11,0.56,0.41,0.52,8.8,8.0,1.5,9.5,0.33,0.05,0.38,0.30,0.35,Matches
352,Óscar Mingueza\056269d7,es ESP,DF,Barcelona,21,1999,27,23,1901,21.1,2,2,2,0,0,4,0,0.09,0.09,0.19,0.09,0.19,1.0,1.0,1.0,2.0,0.05,0.05,0.09,0.05,0.09,Matches
353,Rafa Mir\bbf5c11b,es ESP,FW,Huesca,23,1997,38,32,2877,32.0,13,1,11,2,3,2,0,0.41,0.03,0.44,0.34,0.38,13.6,11.4,1.8,13.2,0.43,0.06,0.48,0.36,0.41,Matches
354,Jorge Miramón\7f4c7c9f,es ESP,DF,Levante,31,1989,26,19,1732,19.2,0,3,0,0,0,1,0,0.00,0.16,0.16,0.00,0.16,0.7,0.7,1.3,2.0,0.04,0.07,0.10,0.04,0.10,Matches
355,Juan Miranda\ead61f73,es ESP,DF,Betis,20,2000,22,18,1652,18.4,1,2,1,0,0,4,0,0.05,0.11,0.16,0.05,0.16,0.6,0.6,1.3,1.9,0.03,0.07,0.10,0.03,0.10,Matches
356,Luka Modrić\6025fab1,hr CRO,MF,Real Madrid,34,1985,35,32,2733,30.4,5,3,5,0,0,4,0,0.16,0.10,0.26,0.16,0.26,2.7,2.7,4.0,6.8,0.09,0.13,0.22,0.09,0.22,Matches
357,Johan Mojica\608f2092,co COL,DF,Elche,27,1992,17,14,1204,13.4,0,0,0,0,0,3,0,0.00,0.00,0.00,0.00,0.00,0.1,0.1,0.8,0.9,0.01,0.06,0.07,0.01,0.07,Matches
358,Guillem Molina\0bbab654,es ESP,DF,Valencia,20,2000,2,1,153,1.7,0,0,0,0,0,1,0,0.00,0.00,0.00,0.00,0.00,0.0,0.0,0.0,0.0,0.00,0.00,0.00,0.00,0.00,Matches
359,Jorge Molina\43f71e77,es ESP,FWMF,Granada,38,1982,33,17,1615,17.9,8,2,8,0,1,3,0,0.45,0.11,0.56,0.45,0.56,5.0,4.3,2.2,6.5,0.28,0.12,0.40,0.24,0.36,Matches
360,Victor Mollejo\23fffc06,es ESP,MFDF,Getafe,19,2001,4,0,72,0.8,0,0,0,0,0,0,0,0.00,0.00,0.00,0.00,0.00,0.0,0.0,0.1,0.1,0.00,0.08,0.08,0.00,0.08,Matches
361,Jon Moncayola\9939e168,es ESP,MF,Osasuna,22,1998,36,28,2660,29.6,2,0,2,0,0,7,1,0.07,0.00,0.07,0.07,0.07,1.5,1.5,1.3,2.7,0.05,0.04,0.09,0.05,0.09,Matches
362,Nacho Monreal\d4cb83cc,es ESP,DF,Real Sociedad,34,1986,26,23,2082,23.1,1,1,1,0,0,1,0,0.04,0.04,0.09,0.04,0.09,0.8,0.8,1.2,2.0,0.03,0.05,0.08,0.03,0.08,Matches
363,Ángel Montoro\719384c1,es ESP,MF,Granada,32,1988,22,17,1362,15.1,1,1,0,1,1,6,0,0.07,0.07,0.13,0.00,0.07,1.4,0.7,1.6,2.3,0.09,0.11,0.20,0.04,0.15,Matches
364,Martín Montoya\5cec2487,es ESP,DF,Betis,29,1991,5,2,239,2.7,0,0,0,0,0,0,1,0.00,0.00,0.00,0.00,0.00,0.0,0.0,0.3,0.4,0.02,0.13,0.15,0.02,0.15,Matches
365,Emre Mor\0c3f7197,tr TUR,FWMF,Celta Vigo,23,1997,11,6,500,5.6,0,0,0,0,0,2,0,0.00,0.00,0.00,0.00,0.00,0.3,0.3,0.2,0.5,0.06,0.03,0.10,0.06,0.10,Matches
366,Jon Morcillo\b7d7f3bf,es ESP,MFFW,Athletic Club,21,1998,30,16,1363,15.1,2,2,2,0,0,3,0,0.13,0.13,0.26,0.13,0.26,1.5,1.5,2.9,4.4,0.10,0.19,0.29,0.10,0.29,Matches
367,Alberto Moreno\11b9265b,es ESP,DF,Villarreal,28,1992,5,2,193,2.1,0,0,0,0,0,0,0,0.00,0.00,0.00,0.00,0.00,0.3,0.3,0.0,0.3,0.12,0.00,0.12,0.12,0.12,Matches
368,Álex Moreno\16e9d0ea,es ESP,DF,Betis,27,1993,23,20,1786,19.8,0,2,0,0,0,4,0,0.00,0.10,0.10,0.00,0.10,0.8,0.8,2.1,2.8,0.04,0.10,0.14,0.04,0.14,Matches
369,Gerard Moreno\81f0781e,es ESP,FWMF,Villarreal,28,1992,33,30,2673,29.7,23,7,13,10,10,3,0,0.77,0.24,1.01,0.44,0.67,19.1,11.6,7.6,19.2,0.64,0.25,0.90,0.39,0.65,Matches
370,Tete Morente\004d185e,es ESP,MFFW,Elche,23,1996,30,23,2019,22.4,2,5,2,0,0,5,0,0.09,0.22,0.31,0.09,0.31,2.4,2.4,2.4,4.8,0.11,0.11,0.21,0.11,0.21,Matches
371,Ilaix Moriba\f4c69aa6,gn GUI,MF,Barcelona,17,2003,14,4,542,6.0,1,2,1,0,0,1,0,0.17,0.33,0.50,0.17,0.50,1.2,1.2,0.8,2.0,0.19,0.14,0.33,0.19,0.33,Matches
372,Loren Morón\3aa4a3be,es ESP,FWMF,Betis,26,1993,26,9,991,11.0,1,0,1,0,0,2,0,0.09,0.00,0.09,0.09,0.09,2.4,2.4,0.4,2.8,0.22,0.03,0.25,0.22,0.25,Matches
373,Pedro Mosquera\c5fa58ea,es ESP,MF,Huesca,32,1988,27,24,2050,22.8,0,0,0,0,0,1,0,0.00,0.00,0.00,0.00,0.00,0.3,0.3,0.6,0.9,0.01,0.03,0.04,0.01,0.04,Matches
374,Javi Moyano\933e8c8a,es ESP,DF,Valladolid,34,1986,2,2,103,1.1,0,0,0,0,0,0,0,0.00,0.00,0.00,0.00,0.00,0.0,0.0,0.0,0.0,0.00,0.00,0.00,0.00,0.00,Matches
375,Iker Muniain\c05dfb74,es ESP,MFFW,Athletic Club,27,1992,28,23,1943,21.6,5,3,5,0,0,1,0,0.23,0.14,0.37,0.23,0.37,3.9,3.9,3.0,6.9,0.18,0.14,0.32,0.18,0.32,Matches
376,Aihen Muñoz\228b0d9d,es ESP,DF,Real Sociedad,22,1997,16,14,1210,13.4,0,1,0,0,0,6,0,0.00,0.07,0.07,0.00,0.07,0.3,0.3,0.6,0.9,0.02,0.05,0.07,0.02,0.07,Matches
377,Joaquín Muñoz\e9fbcc21,es ESP,FW,Huesca,21,1999,3,0,41,0.5,0,0,0,0,0,0,0,0.00,0.00,0.00,0.00,0.00,0.0,0.0,0.0,0.0,0.05,0.02,0.07,0.05,0.07,Matches
378,Jeison Murillo\b233e8e4,co COL,DF,Celta Vigo,28,1992,31,31,2699,30.0,2,0,2,0,0,11,1,0.07,0.00,0.07,0.07,0.07,0.5,0.5,0.2,0.6,0.02,0.01,0.02,0.02,0.02,Matches
379,Yunus Musah\b51b1b9c,us USA,MF,Valencia,17,2002,32,17,1530,17.0,1,0,1,0,0,2,0,0.06,0.00,0.06,0.06,0.06,0.7,0.7,0.8,1.5,0.04,0.04,0.09,0.04,0.09,Matches
380,Yoshinori Mutō\5343eb4e,jp JPN,FWMF,Eibar,28,1992,26,13,1122,12.5,1,1,1,0,0,1,0,0.08,0.08,0.16,0.08,0.16,2.0,2.0,1.1,3.1,0.16,0.09,0.25,0.16,0.25,Matches
381,Nacho\2946f9a1,es ESP,DF,Real Madrid,30,1990,24,22,2000,22.2,1,0,1,0,0,8,0,0.05,0.00,0.05,0.05,0.05,1.5,1.5,0.4,1.9,0.07,0.02,0.09,0.07,0.09,Matches
382,Nacho\e29d1111,es ESP,DF,Valladolid,31,1989,23,21,1813,20.1,0,1,0,0,0,3,1,0.00,0.05,0.05,0.00,0.05,0.3,0.3,1.6,1.9,0.02,0.08,0.09,0.02,0.09,Matches
383,Nano\217011a0,es ESP,FW,Cádiz,25,1995,1,0,9,0.1,0,0,0,0,0,0,0,0.00,0.00,0.00,0.00,0.00,0.0,0.0,0.0,0.0,0.00,0.00,0.00,0.00,0.00,Matches
384,Roberto Navarro\c997b942,es ESP,MF,Real Sociedad,18,2002,1,0,35,0.4,0,0,0,0,0,0,0,0.00,0.00,0.00,0.00,0.00,0.0,0.0,0.0,0.0,0.00,0.07,0.07,0.00,0.07,Matches
385,Ximo Navarro\8db394aa,es ESP,DF,Alavés,30,1990,31,28,2375,26.4,1,1,1,0,0,6,0,0.04,0.04,0.08,0.04,0.08,0.3,0.3,1.0,1.3,0.01,0.04,0.05,0.01,0.05,Matches
386,Jesús Navas\3f10bd22,es ESP,DF,Sevilla,34,1985,34,34,2827,31.4,0,6,0,0,0,4,0,0.00,0.19,0.19,0.00,0.19,1.0,1.0,5.3,6.3,0.03,0.17,0.20,0.03,0.20,Matches
387,Raúl Navas\ad178594,es ESP,DF,Osasuna,32,1988,2,2,168,1.9,0,0,0,0,0,0,0,0.00,0.00,0.00,0.00,0.00,0.0,0.0,0.0,0.0,0.00,0.01,0.01,0.00,0.01,Matches
388,Álvaro Negredo\63b0ca6b,es ESP,FW,Cádiz,34,1985,35,29,2198,24.4,8,4,8,0,0,5,1,0.33,0.16,0.49,0.33,0.49,6.3,6.3,3.6,9.9,0.26,0.15,0.40,0.26,0.40,Matches
389,Neto\a9dc785c,br BRA,GK,Barcelona,31,1989,7,7,630,7.0,0,0,0,0,0,0,0,0.00,0.00,0.00,0.00,0.00,0.0,0.0,0.0,0.0,0.00,0.00,0.00,0.00,0.00,Matches
390,Carlos Neva\8d47bb39,es ESP,DF,Granada,24,1996,22,21,1797,20.0,0,0,0,0,0,1,0,0.00,0.00,0.00,0.00,0.00,0.5,0.5,0.1,0.6,0.02,0.01,0.03,0.02,0.03,Matches
391,Mamor Niang\64a76620,sn SEN,FWMF,Getafe,18,2002,1,0,22,0.2,0,0,0,0,0,0,0,0.00,0.00,0.00,0.00,0.00,0.1,0.1,0.0,0.1,0.24,0.00,0.24,0.24,0.24,Matches
392,Nieto\3afeb49f,es ESP,FWMF,Cádiz,22,1998,2,0,14,0.2,0,0,0,0,0,0,0,0.00,0.00,0.00,0.00,0.00,0.3,0.3,0.0,0.3,1.73,0.00,1.73,1.73,1.73,Matches
393,Saúl Ñíguez\c14bc029,es ESP,MFDF,Atlético Madrid,25,1994,33,22,2033,22.6,2,1,2,0,1,10,0,0.09,0.04,0.13,0.09,0.13,2.7,1.8,2.0,3.8,0.12,0.09,0.21,0.08,0.17,Matches
394,Nino\03dc5b1f,es ESP,MFFW,Elche,40,1980,16,0,284,3.2,0,0,0,0,0,1,0,0.00,0.00,0.00,0.00,0.00,0.3,0.3,0.8,1.1,0.10,0.25,0.35,0.10,0.35,Matches
395,Fernando Niño\81d5c497,es ESP,FW,Villarreal,19,2000,17,8,593,6.6,3,0,3,0,0,1,0,0.46,0.00,0.46,0.46,0.46,4.3,4.3,0.2,4.5,0.66,0.03,0.69,0.66,0.69,Matches
396,Nolito\b2d0ec1b,es ESP,MFFW,Celta Vigo,33,1986,36,35,2597,28.9,7,5,7,0,0,7,0,0.24,0.17,0.42,0.24,0.42,6.5,6.5,5.8,12.3,0.23,0.20,0.43,0.23,0.43,Matches
397,Unai Núñez\be170419,es ESP,DF,Athletic Club,23,1997,25,23,2109,23.4,1,1,1,0,0,6,0,0.04,0.04,0.09,0.04,0.09,1.8,1.8,0.7,2.5,0.08,0.03,0.11,0.08,0.11,Matches
398,Kelechi Nwakali\877f31c2,ng NGA,MFFW,Huesca,22,1998,5,1,141,1.6,0,0,0,0,0,1,0,0.00,0.00,0.00,0.00,0.00,0.0,0.0,0.0,0.0,0.00,0.01,0.01,0.00,0.01,Matches
399,Allan Nyom\97572117,cm CMR,MFDF,Getafe,32,1988,31,28,2323,25.8,0,2,0,0,0,10,1,0.00,0.08,0.08,0.00,0.08,0.6,0.6,2.1,2.7,0.02,0.08,0.11,0.02,0.11,Matches
400,Jan Oblak\ee8508c0,si SVN,GK,Atlético Madrid,27,1993,38,38,3420,38.0,0,0,0,0,0,0,0,0.00,0.00,0.00,0.00,0.00,0.0,0.0,0.0,0.0,0.00,0.00,0.00,0.00,0.00,Matches
401,Lucas Ocampos\a08b974a,ar ARG,FW,Sevilla,26,1994,34,30,2631,29.2,5,4,1,4,5,3,0,0.17,0.14,0.31,0.03,0.17,10.6,6.8,3.6,10.5,0.36,0.12,0.49,0.23,0.36,Matches
402,Álvaro Odriozola\1d1691ad,es ESP,DF,Real Madrid,24,1995,13,9,829,9.2,2,0,2,0,0,0,0,0.22,0.00,0.22,0.22,0.22,0.7,0.7,0.6,1.3,0.08,0.07,0.14,0.08,0.14,Matches
403,Shinji Okazaki\68796d61,jp JPN,FWMF,Huesca,34,1986,25,14,1128,12.5,1,1,1,0,0,1,0,0.08,0.08,0.16,0.08,0.16,2.0,2.0,0.3,2.3,0.16,0.03,0.18,0.16,0.18,Matches
404,Lucas Olaza\4cee5954,uy URU,DF,Valladolid,26,1994,14,14,1260,14.0,1,1,1,0,0,4,0,0.07,0.07,0.14,0.07,0.14,0.6,0.6,1.0,1.5,0.04,0.07,0.11,0.04,0.11,Matches
405,Lucas Olaza\4cee5954,uy URU,DF,Celta Vigo,26,1994,18,18,1615,17.9,0,2,0,0,0,4,0,0.00,0.11,0.11,0.00,0.11,0.4,0.4,2.2,2.6,0.02,0.12,0.14,0.02,0.14,Matches
406,Christian Oliva\d3b888e3,uy URU,MF,Valencia,24,1996,9,1,198,2.2,0,2,0,0,0,0,0,0.00,0.91,0.91,0.00,0.91,0.0,0.0,0.2,0.2,0.01,0.08,0.09,0.01,0.09,Matches
407,Kiko Olivas\72b07a9c,es ESP,DFMF,Valladolid,31,1988,5,1,177,2.0,0,0,0,0,0,1,0,0.00,0.00,0.00,0.00,0.00,0.0,0.0,0.0,0.0,0.00,0.00,0.00,0.00,0.00,Matches
408,Paulo Oliveira\a8fbae1d,pt POR,DF,Eibar,28,1992,31,29,2641,29.3,0,1,0,0,0,4,0,0.00,0.03,0.03,0.00,0.03,0.6,0.6,0.2,0.7,0.02,0.01,0.02,0.02,0.02,Matches
409,Mathías Olivera\41c12f75,uy URU,DF,Getafe,22,1997,31,30,2614,29.0,0,0,0,0,0,6,0,0.00,0.00,0.00,0.00,0.00,2.4,2.4,1.7,4.1,0.08,0.06,0.14,0.08,0.14,Matches
410,Javier Ontiveros\a83d8b0c,es ESP,FWMF,Huesca,22,1997,20,10,918,10.2,2,1,1,1,1,5,0,0.20,0.10,0.29,0.10,0.20,1.9,1.1,1.6,2.7,0.18,0.16,0.34,0.11,0.27,Matches
411,Fabián Orellana\c90977db,cl CHI,MFFW,Valladolid,34,1986,30,27,2138,23.8,6,2,2,4,4,5,0,0.25,0.08,0.34,0.08,0.17,5.9,2.9,4.0,6.9,0.25,0.17,0.42,0.12,0.29,Matches
412,Mikel Oyarzabal\8c3c640c,es ESP,FWMF,Real Sociedad,23,1997,33,30,2408,26.8,11,8,5,6,7,1,0,0.41,0.30,0.71,0.19,0.49,10.8,5.5,5.9,11.4,0.41,0.22,0.63,0.20,0.42,Matches
413,Fernando Pacheco\97852360,es ESP,GK,Alavés,28,1992,38,37,3349,37.2,0,0,0,0,0,1,0,0.00,0.00,0.00,0.00,0.00,0.0,0.0,0.0,0.0,0.00,0.00,0.00,0.00,0.00,Matches
414,Jon Pacheco\44150beb,es ESP,DF,Real Sociedad,19,2001,1,0,32,0.4,0,0,0,0,0,0,0,0.00,0.00,0.00,0.00,0.00,0.0,0.0,0.0,0.0,0.05,0.00,0.05,0.05,0.05,Matches
415,Helibelton Palacios\ac8b2421,co COL,DF,Elche,27,1993,11,8,743,8.3,0,0,0,0,0,0,0,0.00,0.00,0.00,0.00,0.00,0.0,0.0,0.1,0.1,0.00,0.02,0.02,0.00,0.02,Matches
416,Ante Palaversa\cd9b37a3,hr CRO,MF,Getafe,20,2000,2,0,9,0.1,0,0,0,0,0,0,0,0.00,0.00,0.00,0.00,0.00,0.0,0.0,0.1,0.1,0.00,0.57,0.57,0.00,0.57,Matches
417,Daniel Parejo\7460ca0d,es ESP,MF,Villarreal,31,1989,36,36,3112,34.6,3,5,3,0,0,4,0,0.09,0.14,0.23,0.09,0.23,1.4,1.4,5.4,6.8,0.04,0.16,0.20,0.04,0.20,Matches
418,Thomas Partey\529f49ab,gh GHA,MF,Atlético Madrid,27,1993,3,2,200,2.2,0,0,0,0,0,1,0,0.00,0.00,0.00,0.00,0.00,0.1,0.1,0.0,0.1,0.05,0.00,0.05,0.05,0.05,Matches
419,Gabriel Paulista\b7ca5c51,br BRA,DF,Valencia,29,1990,31,31,2716,30.2,4,1,4,0,0,6,0,0.13,0.03,0.17,0.13,0.17,0.9,0.9,0.1,1.1,0.03,0.00,0.04,0.03,0.04,Matches
420,Alfonso Pedraza\63f04c6c,es ESP,DF,Villarreal,24,1996,29,24,2093,23.3,1,2,1,0,0,8,0,0.04,0.09,0.13,0.04,0.13,1.8,1.8,4.7,6.5,0.08,0.20,0.28,0.08,0.28,Matches
421,Pedri\0d9b2d31,es ESP,MF,Barcelona,17,2002,37,28,2415,26.8,3,3,3,0,0,2,0,0.11,0.11,0.22,0.11,0.22,3.9,3.8,4.7,8.5,0.15,0.18,0.32,0.14,0.32,Matches
422,Facundo Pellistri\ac7e7b1c,uy URU,MFFW,Alavés,18,2001,12,5,542,6.0,0,0,0,0,0,0,0,0.00,0.00,0.00,0.00,0.00,0.3,0.3,0.1,0.4,0.06,0.01,0.07,0.06,0.07,Matches
423,Rubén Peña\1f079188,es ESP,DFMF,Villarreal,29,1991,19,12,1116,12.4,1,1,1,0,0,1,0,0.08,0.08,0.16,0.08,0.16,0.5,0.5,0.4,1.0,0.04,0.04,0.08,0.04,0.08,Matches
424,Pepe\6583a8a9,es ESP,DF,Granada,20,2000,3,3,253,2.8,0,0,0,0,0,0,0,0.00,0.00,0.00,0.00,0.00,0.0,0.0,0.0,0.0,0.01,0.00,0.01,0.01,0.01,Matches
425,Alberto Perea\5496cc91,es ESP,MF,Cádiz,29,1990,27,16,1549,17.2,2,3,2,0,0,0,0,0.12,0.17,0.29,0.12,0.29,1.3,1.3,2.4,3.7,0.08,0.14,0.21,0.08,0.21,Matches
426,Iñigo Pérez\bc61cc65,es ESP,MFDF,Osasuna,32,1988,22,16,1347,15.0,0,0,0,0,0,4,1,0.00,0.00,0.00,0.00,0.00,0.4,0.4,0.6,1.1,0.03,0.04,0.07,0.03,0.07,Matches
427,Juan Pérez\8f29e08b,es ESP,GK,Osasuna,24,1996,3,3,270,3.0,0,0,0,0,0,0,0,0.00,0.00,0.00,0.00,0.00,0.0,0.0,0.0,0.0,0.00,0.00,0.00,0.00,0.00,Matches
428,Kike Pérez\237a3851,es ESP,MF,Valladolid,23,1997,24,12,1159,12.9,0,0,0,0,0,3,0,0.00,0.00,0.00,0.00,0.00,1.0,1.0,1.0,2.0,0.08,0.08,0.15,0.08,0.15,Matches
429,Lucas Pérez\a300ac7e,es ESP,FW,Alavés,31,1988,28,19,1759,19.5,4,4,1,3,4,1,0,0.20,0.20,0.41,0.05,0.26,6.5,3.5,4.8,8.3,0.33,0.25,0.58,0.18,0.42,Matches
430,Luis Pérez\b7c04927,es ESP,DF,Valladolid,25,1995,22,15,1297,14.4,0,0,0,0,0,1,0,0.00,0.00,0.00,0.00,0.00,0.1,0.1,0.4,0.5,0.01,0.03,0.04,0.01,0.04,Matches
431,Nehuén Pérez\f7c491f1,ar ARG,DF,Granada,20,2000,14,9,741,8.2,0,0,0,0,0,4,0,0.00,0.00,0.00,0.00,0.00,0.7,0.7,0.0,0.7,0.09,0.00,0.09,0.09,0.09,Matches
432,Pablo Piatti\48e89655,ar ARG,MFFW,Elche,31,1989,9,3,361,4.0,0,0,0,0,0,1,0,0.00,0.00,0.00,0.00,0.00,0.5,0.5,0.3,0.8,0.12,0.08,0.20,0.12,0.20,Matches
433,Cristiano Piccini\32c0491f,it ITA,DF,Valencia,27,1992,3,0,67,0.7,0,0,0,0,0,0,0,0.00,0.00,0.00,0.00,0.00,0.0,0.0,0.0,0.0,0.02,0.00,0.02,0.02,0.02,Matches
434,Tomás Pina Isla\e54bd0a2,es ESP,MF,Alavés,32,1987,33,31,2575,28.6,1,1,1,0,0,12,0,0.03,0.03,0.07,0.03,0.07,0.5,0.5,0.6,1.1,0.02,0.02,0.04,0.02,0.04,Matches
435,Yeremi Pino\540ec57b,es ESP,FWMF,Villarreal,17,2002,24,6,797,8.9,3,1,3,0,0,4,0,0.34,0.11,0.45,0.34,0.45,1.5,1.5,0.9,2.3,0.16,0.10,0.26,0.16,0.26,Matches
436,Gerard Piqué\adfc9123,es ESP,DF,Barcelona,33,1987,18,18,1481,16.5,0,0,0,0,0,4,0,0.00,0.00,0.00,0.00,0.00,0.6,0.6,0.5,1.1,0.04,0.03,0.07,0.04,0.07,Matches
437,Miralem Pjanić\ad6df2d5,ba BIH,MF,Barcelona,30,1990,19,6,627,7.0,0,0,0,0,0,1,0,0.00,0.00,0.00,0.00,0.00,1.2,1.2,1.0,2.2,0.17,0.14,0.31,0.17,0.31,Matches
438,Óscar Plano\7c388b20,es ESP,MFFW,Valladolid,29,1991,36,30,2517,28.0,5,5,5,0,0,1,1,0.18,0.18,0.36,0.18,0.36,4.3,4.3,1.6,5.9,0.15,0.06,0.21,0.15,0.21,Matches
439,Dani Plomer\0d298637,es ESP,FW,Granada,21,1998,1,0,45,0.5,0,0,0,0,0,0,0,0.00,0.00,0.00,0.00,0.00,0.0,0.0,0.0,0.0,0.00,0.00,0.00,0.00,0.00,Matches
440,Jorge Pombo\0a8bcb23,es ESP,FWMF,Cádiz,26,1994,12,5,523,5.8,1,0,1,0,0,1,0,0.17,0.00,0.17,0.17,0.17,1.3,1.3,0.4,1.7,0.23,0.07,0.29,0.23,0.29,Matches
441,Pere Pons\29b61deb,es ESP,MF,Alavés,27,1993,22,12,1186,13.2,2,0,2,0,0,1,0,0.15,0.00,0.15,0.15,0.15,0.8,0.8,1.5,2.4,0.06,0.12,0.18,0.06,0.18,Matches
442,Francisco Portillo\8e010ff4,es ESP,MFFW,Getafe,30,1990,16,3,418,4.6,0,1,0,0,0,1,0,0.00,0.22,0.22,0.00,0.22,0.0,0.0,0.5,0.5,0.00,0.10,0.10,0.00,0.10,Matches
443,Portu\1bda5842,es ESP,FWMF,Real Sociedad,28,1992,37,24,2184,24.3,8,3,8,0,0,3,0,0.33,0.12,0.45,0.33,0.45,5.5,5.5,5.1,10.6,0.23,0.21,0.44,0.23,0.44,Matches
444,Sergio Postigo\474ecac8,es ESP,DF,Levante,31,1988,22,19,1623,18.0,0,0,0,0,0,4,0,0.00,0.00,0.00,0.00,0.00,0.0,0.0,0.0,0.1,0.00,0.00,0.00,0.00,0.00,Matches
445,Darío Poveda\cbdf7d5c,es ESP,FW,Getafe,23,1997,1,0,5,0.1,0,0,0,0,0,0,0,0.00,0.00,0.00,0.00,0.00,0.0,0.0,0.0,0.0,0.00,0.00,0.00,0.00,0.00,Matches
446,Alejandro Pozo Pozo\3c16d927,es ESP,DFMF,Eibar,21,1999,30,24,2190,24.3,0,0,0,0,0,4,0,0.00,0.00,0.00,0.00,0.00,0.3,0.3,0.8,1.1,0.01,0.03,0.04,0.01,0.04,Matches
447,Antonio Puertas\c77a8043,es ESP,FWMF,Granada,28,1992,35,22,2170,24.1,3,5,3,0,0,6,0,0.12,0.21,0.33,0.12,0.33,4.1,4.1,1.9,6.0,0.17,0.08,0.25,0.17,0.25,Matches
448,Riqui Puig\f090a37a,es ESP,MF,Barcelona,20,1999,14,2,292,3.2,1,0,1,0,0,1,0,0.31,0.00,0.31,0.31,0.31,0.3,0.3,0.2,0.5,0.08,0.07,0.16,0.08,0.16,Matches
449,Jorge Pulido\978cd030,es ESP,DF,Huesca,29,1991,33,32,2885,32.1,1,0,1,0,0,6,1,0.03,0.00,0.03,0.03,0.03,2.6,2.6,0.5,3.2,0.08,0.02,0.10,0.08,0.10,Matches
450,Domingos Quina\41fb0f4e,pt POR,MF,Granada,20,1999,8,5,341,3.8,2,0,2,0,0,1,0,0.53,0.00,0.53,0.53,0.53,0.3,0.3,0.1,0.5,0.08,0.04,0.12,0.08,0.12,Matches
451,Quini\7a538238,es ESP,DF,Granada,30,1989,19,12,1191,13.2,1,0,1,0,0,5,0,0.08,0.00,0.08,0.08,0.08,0.3,0.3,0.3,0.6,0.02,0.02,0.04,0.02,0.04,Matches
452,Quique\c966fce1,es ESP,FWMF,Eibar,30,1990,12,0,167,1.9,0,0,0,0,0,0,0,0.00,0.00,0.00,0.00,0.00,0.3,0.3,0.0,0.3,0.16,0.00,0.16,0.16,0.16,Matches
453,Dani Raba\ea6a7ab4,es ESP,MF,Villarreal,24,1995,5,1,150,1.7,0,0,0,0,0,0,0,0.00,0.00,0.00,0.00,0.00,0.4,0.4,0.1,0.4,0.21,0.04,0.25,0.21,0.25,Matches
454,Uroš Račić\faed84db,rs SRB,MF,Valencia,22,1998,31,25,2187,24.3,1,1,1,0,0,6,0,0.04,0.04,0.08,0.04,0.08,1.6,1.6,0.4,1.9,0.06,0.02,0.08,0.06,0.08,Matches
455,Nemanja Radoja\b5dd3469,rs SRB,MF,Levante,27,1993,21,13,1121,12.5,0,2,0,0,0,1,0,0.00,0.16,0.16,0.00,0.16,0.3,0.3,0.3,0.6,0.02,0.02,0.05,0.02,0.05,Matches
456,Ivan Rakitić\89f951b5,hr CRO,MF,Sevilla,32,1988,37,25,2233,24.8,4,2,2,2,2,5,0,0.16,0.08,0.24,0.08,0.16,5.2,3.7,1.3,5.0,0.21,0.05,0.26,0.15,0.20,Matches
457,Jonás Ramalho\be3a0121,es ESP,DF,Osasuna,27,1993,5,3,304,3.4,0,0,0,0,0,0,0,0.00,0.00,0.00,0.00,0.00,0.1,0.1,0.0,0.2,0.04,0.01,0.05,0.04,0.05,Matches
458,Sandro Ramírez\833fb62e,es ESP,FWMF,Huesca,25,1995,20,16,1285,14.3,5,1,5,0,0,2,0,0.35,0.07,0.42,0.35,0.42,2.4,2.4,0.4,2.8,0.17,0.03,0.20,0.17,0.20,Matches
459,Sergio Ramos\08511d65,es ESP,DF,Real Madrid,34,1986,15,15,1275,14.2,2,0,0,2,2,3,0,0.14,0.00,0.14,0.00,0.00,3.8,2.3,0.2,2.5,0.27,0.02,0.28,0.16,0.18,Matches
460,Recio\54073b28,es ESP,MF,Eibar,29,1991,17,8,734,8.2,1,0,0,1,1,5,0,0.12,0.00,0.12,0.00,0.00,1.2,0.5,0.7,1.2,0.15,0.09,0.24,0.06,0.14,Matches
461,Francisco Reis Ferreira\4b3c863f,pt POR,DF,Valencia,23,1997,3,2,181,2.0,0,0,0,0,0,0,0,0.00,0.00,0.00,0.00,0.00,0.0,0.0,0.0,0.0,0.00,0.00,0.00,0.00,0.00,Matches
462,Karim Rekik\3376a776,nl NED,DF,Sevilla,25,1994,11,6,653,7.3,0,0,0,0,0,2,0,0.00,0.00,0.00,0.00,0.00,0.2,0.2,0.1,0.3,0.03,0.02,0.05,0.03,0.05,Matches
463,Álex Remiro\374ee424,es ESP,GK,Real Sociedad,25,1995,38,38,3420,38.0,0,0,0,0,0,0,0,0.00,0.00,0.00,0.00,0.00,0.0,0.0,0.0,0.0,0.00,0.00,0.00,0.00,0.00,Matches
464,Oriol Rey\e8a0d2f7,es ESP,MF,Valladolid,22,1998,1,0,15,0.2,0,0,0,0,0,0,0,0.00,0.00,0.00,0.00,0.00,0.0,0.0,0.0,0.0,0.00,0.00,0.00,0.00,0.00,Matches
465,Ricard\fce521d7,es ESP,DF,Atlético Madrid,20,2000,1,0,30,0.3,0,0,0,0,0,0,0,0.00,0.00,0.00,0.00,0.00,0.0,0.0,0.0,0.0,0.07,0.00,0.07,0.07,0.07,Matches
466,Mikel Rico\def69cd0,es ESP,MF,Huesca,35,1984,32,27,2183,24.3,1,4,1,0,0,2,0,0.04,0.16,0.21,0.04,0.21,2.3,2.3,1.5,3.8,0.09,0.06,0.16,0.09,0.16,Matches
467,Emiliano Rigoni\a1216563,ar ARG,MFFW,Elche,27,1993,23,12,1139,12.7,1,1,1,0,0,5,0,0.08,0.08,0.16,0.08,0.16,2.6,2.6,1.9,4.4,0.20,0.15,0.35,0.20,0.35,Matches
468,Luis Rioja\eb3dd471,es ESP,MFDF,Alavés,26,1993,35,25,2090,23.2,4,2,4,0,0,4,0,0.17,0.09,0.26,0.17,0.26,3.5,3.5,3.3,6.8,0.15,0.14,0.29,0.15,0.29,Matches
469,Rober\c00097d2,es ESP,DFMF,Levante,25,1995,19,16,1425,15.8,0,1,0,0,0,3,1,0.00,0.06,0.06,0.00,0.06,0.2,0.2,0.7,0.9,0.01,0.05,0.06,0.01,0.06,Matches
470,Roberto\ba3ca78f,es ESP,GK,Valladolid,34,1986,13,13,1170,13.0,0,0,0,0,0,0,1,0.00,0.00,0.00,0.00,0.00,0.0,0.0,0.0,0.0,0.00,0.00,0.00,0.00,0.00,Matches
471,Sergi Roberto\335fa267,es ESP,DFMF,Barcelona,28,1992,15,9,946,10.5,1,2,1,0,0,1,0,0.10,0.19,0.29,0.10,0.29,0.5,0.5,2.0,2.5,0.05,0.19,0.24,0.05,0.24,Matches
472,Joel Robles\cda0b317,es ESP,GK,Betis,30,1990,18,18,1620,18.0,0,0,0,0,0,2,0,0.00,0.00,0.00,0.00,0.00,0.0,0.0,0.0,0.0,0.00,0.00,0.00,0.00,0.00,Matches
473,Rubén Rochina\ecd8c01e,es ESP,MF,Levante,29,1991,25,17,1404,15.6,0,1,0,0,0,5,0,0.00,0.06,0.06,0.00,0.06,1.7,1.7,2.1,3.7,0.11,0.13,0.24,0.11,0.24,Matches
474,Rodrigo\85bed4ee,es ESP,FWMF,Betis,20,2000,15,5,537,6.0,0,0,0,0,0,0,0,0.00,0.00,0.00,0.00,0.00,0.2,0.2,0.5,0.7,0.04,0.09,0.12,0.04,0.12,Matches
475,Kévin Rodrigues\f1bed920,pt POR,MFDF,Eibar,26,1994,22,11,1095,12.2,1,1,1,0,0,1,0,0.08,0.08,0.16,0.08,0.16,0.6,0.6,0.7,1.3,0.05,0.06,0.10,0.05,0.10,Matches
476,Óscar Rodríguez Arnaiz\19709006,es ESP,MFFW,Sevilla,22,1998,20,4,511,5.7,0,0,0,0,0,1,0,0.00,0.00,0.00,0.00,0.00,0.5,0.5,0.9,1.4,0.08,0.17,0.25,0.08,0.25,Matches
477,Ángel Rodríguez\8cfc2f69,es ESP,FWMF,Getafe,33,1987,33,12,1374,15.3,5,0,4,1,2,4,0,0.33,0.00,0.33,0.26,0.26,5.5,4.0,0.5,4.5,0.36,0.04,0.40,0.26,0.30,Matches
478,Guido Rodríguez\34e393f2,ar ARG,MF,Betis,26,1994,35,34,2864,31.8,1,0,1,0,0,10,0,0.03,0.00,0.03,0.03,0.03,1.7,1.7,0.7,2.4,0.05,0.02,0.07,0.05,0.07,Matches
479,Miguel Rodríguez\958d67bb,es ESP,FWMF,Celta Vigo,17,2003,4,0,30,0.3,0,0,0,0,0,2,0,0.00,0.00,0.00,0.00,0.00,0.0,0.0,0.0,0.0,0.00,0.00,0.00,0.00,0.00,Matches
480,Víctor Rodríguez\15781606,es ESP,MF,Elche,31,1989,16,2,426,4.7,0,0,0,0,0,1,0,0.00,0.00,0.00,0.00,0.00,0.0,0.0,0.6,0.6,0.00,0.12,0.12,0.00,0.12,Matches
481,Rodrygo\8f5e92a6,br BRA,FW,Real Madrid,19,2001,22,10,983,10.9,1,6,1,0,0,0,0,0.09,0.55,0.64,0.09,0.64,2.5,2.5,3.0,5.5,0.23,0.28,0.51,0.23,0.51,Matches
482,Facundo Roncaglia\51e3954c,ar ARG,DF,Osasuna,33,1987,17,14,1232,13.7,1,1,1,0,0,3,1,0.07,0.07,0.15,0.07,0.15,0.5,0.5,0.1,0.6,0.04,0.01,0.05,0.04,0.05,Matches
483,Rubén\24279b8b,es ESP,GKMF,Osasuna,36,1984,3,3,187,2.1,0,0,0,0,0,0,1,0.00,0.00,0.00,0.00,0.00,0.0,0.0,0.0,0.0,0.00,0.00,0.00,0.00,0.00,Matches
484,Waldo Rubio\ccaa5728,es ESP,FWMF,Valladolid,24,1995,10,5,375,4.2,1,0,0,1,1,1,0,0.24,0.00,0.24,0.00,0.00,1.0,0.3,0.1,0.4,0.25,0.03,0.27,0.07,0.09,Matches
485,Aitor Ruibal\a55d8df5,es ESP,FWMF,Betis,24,1996,28,21,1593,17.7,2,2,2,0,0,2,0,0.11,0.11,0.23,0.11,0.23,2.6,2.6,2.4,5.0,0.15,0.14,0.28,0.15,0.28,Matches
486,Isma Ruiz\6e36226f,es ESP,MF,Granada,19,2001,1,1,67,0.7,0,0,0,0,0,0,0,0.00,0.00,0.00,0.00,0.00,0.0,0.0,0.0,0.0,0.00,0.00,0.00,0.00,0.00,Matches
487,Víctor Ruiz\b3dc6eca,es ESP,DF,Betis,31,1989,27,24,2157,24.0,2,0,2,0,0,9,0,0.08,0.00,0.08,0.08,0.08,1.2,1.2,0.1,1.2,0.05,0.00,0.05,0.05,0.05,Matches
488,Gerónimo Rulli\625c144a,ar ARG,GK,Villarreal,28,1992,2,2,180,2.0,0,0,0,0,0,0,1,0.00,0.00,0.00,0.00,0.00,0.0,0.0,0.0,0.0,0.00,0.00,0.00,0.00,0.00,Matches
489,Modibo Sagnan\76d679c7,fr FRA,DFMF,Real Sociedad,21,1999,16,7,622,6.9,0,0,0,0,0,3,0,0.00,0.00,0.00,0.00,0.00,0.6,0.6,0.2,0.8,0.09,0.03,0.11,0.09,0.11,Matches
490,Borja Sainz\1b40049a,es ESP,MFFW,Alavés,19,2001,21,2,453,5.0,1,0,1,0,0,1,0,0.20,0.00,0.20,0.20,0.20,1.1,1.1,0.4,1.5,0.22,0.07,0.29,0.22,0.29,Matches
491,Salvi\405f267a,es ESP,MFFW,Cádiz,29,1991,28,25,1933,21.5,2,0,2,0,0,5,0,0.09,0.00,0.09,0.09,0.09,1.9,1.9,1.2,3.1,0.09,0.06,0.14,0.09,0.14,Matches
492,Fede San Emeterio\efecd633,es ESP,MF,Valladolid,23,1997,24,17,1460,16.2,0,0,0,0,0,7,0,0.00,0.00,0.00,0.00,0.00,0.1,0.1,0.1,0.2,0.00,0.01,0.01,0.00,0.01,Matches
493,Antonio Sanabria\0a447501,py PAR,FW,Betis,24,1996,16,10,932,10.4,3,0,3,0,0,2,0,0.29,0.00,0.29,0.29,0.29,4.3,4.3,0.3,4.5,0.41,0.02,0.44,0.41,0.44,Matches
494,Oihan Sancet\bdb624a3,es ESP,FWMF,Athletic Club,20,2000,24,11,1035,11.5,2,2,2,0,0,2,0,0.17,0.17,0.35,0.17,0.35,2.9,2.9,1.2,4.1,0.25,0.11,0.36,0.25,0.36,Matches
495,Juan Sánchez Miño\3ae7e4ea,ar ARG,DFMF,Elche,30,1990,9,5,495,5.5,0,0,0,0,0,2,0,0.00,0.00,0.00,0.00,0.00,0.0,0.0,0.0,0.0,0.00,0.00,0.00,0.00,0.00,Matches
496,Germán Sánchez\ea9b2ef9,es ESP,DF,Granada,33,1986,34,29,2638,29.3,3,1,3,0,0,11,1,0.10,0.03,0.14,0.10,0.14,1.9,1.9,0.1,2.0,0.07,0.00,0.07,0.07,0.07,Matches
497,Javi Sánchez\60359288,es ESP,DF,Valladolid,23,1997,16,11,921,10.2,0,0,0,0,0,3,0,0.00,0.00,0.00,0.00,0.00,0.2,0.2,0.1,0.3,0.02,0.01,0.03,0.02,0.03,Matches
498,Manuel Sánchez\ffacd3d5,es ESP,DF,Osasuna,19,2000,16,10,976,10.8,0,4,0,0,0,4,0,0.00,0.37,0.37,0.00,0.37,0.1,0.1,0.9,1.1,0.01,0.09,0.10,0.01,0.10,Matches
499,Manuel Sánchez\ffacd3d5,es ESP,DF,Atlético Madrid,19,2000,1,1,49,0.5,0,1,0,0,0,0,0,0.00,1.84,1.84,0.00,1.84,0.0,0.0,0.3,0.3,0.00,0.61,0.61,0.00,0.61,Matches
500,Oier Sanjurjo\466824fb,es ESP,MF,Osasuna,34,1986,32,24,2084,23.2,0,2,0,0,0,10,0,0.00,0.09,0.09,0.00,0.09,0.9,0.9,1.8,2.6,0.04,0.08,0.11,0.04,0.11,Matches
501,Ivan Šaponjić\d2aea9ac,rs SRB,FW,Cádiz,22,1997,9,3,388,4.3,1,0,0,1,1,2,0,0.23,0.00,0.23,0.00,0.00,1.7,0.9,0.0,0.9,0.40,0.00,0.40,0.22,0.22,Matches
502,Stefan Savić\f6ac68c1,me MNE,DF,Atlético Madrid,29,1991,33,33,2953,32.8,1,0,1,0,0,14,0,0.03,0.00,0.03,0.03,0.03,0.9,0.9,0.2,1.1,0.03,0.01,0.03,0.03,0.03,Matches
503,Jaime Seoane\a62b4888,es ESP,MF,Huesca,23,1997,29,23,2064,22.9,1,1,1,0,0,5,0,0.04,0.04,0.09,0.04,0.09,1.3,1.3,1.2,2.6,0.06,0.05,0.11,0.06,0.11,Matches
504,Edgar Sevikyan\3e8bb8ce,ru RUS,MF,Levante,18,2001,1,0,8,0.1,0,0,0,0,0,0,0,0.00,0.00,0.00,0.00,0.00,0.0,0.0,0.0,0.0,0.00,0.00,0.00,0.00,0.00,Matches
505,Sidnei\b14d0c5d,br BRA,DF,Betis,30,1989,11,7,697,7.7,0,0,0,0,0,1,0,0.00,0.00,0.00,0.00,0.00,0.2,0.2,0.0,0.2,0.02,0.00,0.02,0.02,0.02,Matches
506,David Silva\e2716bd0,es ESP,MF,Real Sociedad,34,1986,21,17,1399,15.5,2,5,2,0,0,4,0,0.13,0.32,0.45,0.13,0.45,2.9,2.9,4.0,6.8,0.19,0.25,0.44,0.19,0.44,Matches
507,Gastón Silva\47d493c3,uy URU,DF,Huesca,26,1994,12,6,600,6.7,0,0,0,0,0,2,0,0.00,0.00,0.00,0.00,0.00,0.0,0.0,0.0,0.0,0.00,0.00,0.00,0.00,0.00,Matches
508,Rui Silva\ea83bfa6,pt POR,GK,Granada,26,1994,32,32,2880,32.0,0,0,0,0,0,1,0,0.00,0.00,0.00,0.00,0.00,0.0,0.0,0.0,0.0,0.00,0.00,0.00,0.00,0.00,Matches
509,Unai Simón\5dcf3e90,es ESP,GK,Athletic Club,23,1997,37,37,3330,37.0,0,0,0,0,0,1,0,0.00,0.00,0.00,0.00,0.00,0.0,0.0,0.1,0.1,0.00,0.00,0.00,0.00,0.00,Matches
510,Dimitris Siovas\92d38e6c,gr GRE,DF,Huesca,31,1988,36,34,3071,34.1,2,0,2,0,0,5,0,0.06,0.00,0.06,0.06,0.06,1.9,1.9,0.2,2.1,0.06,0.01,0.06,0.06,0.06,Matches
511,Antonio Sivera\9970da54,es ESP,GK,Alavés,23,1996,1,1,71,0.8,0,0,0,0,0,0,0,0.00,0.00,0.00,0.00,0.00,0.0,0.0,0.0,0.0,0.00,0.00,0.00,0.00,0.00,Matches
512,Rafa Soares\062fc2e6,pt POR,DF,Eibar,25,1995,19,12,1134,12.6,0,1,0,0,0,2,0,0.00,0.08,0.08,0.00,0.08,0.0,0.0,1.2,1.3,0.00,0.10,0.10,0.00,0.10,Matches
513,Rubén Sobrino\19b776e9,es ESP,FWMF,Cádiz,28,1992,16,11,1113,12.4,1,0,1,0,0,3,0,0.08,0.00,0.08,0.08,0.08,2.4,2.4,0.8,3.1,0.19,0.06,0.25,0.19,0.25,Matches
514,Rubén Sobrino\19b776e9,es ESP,MFFW,Valencia,28,1992,5,0,49,0.5,0,0,0,0,0,0,0,0.00,0.00,0.00,0.00,0.00,0.0,0.0,0.0,0.0,0.00,0.05,0.05,0.00,0.05,Matches
515,Augusto Solari\3ca6106c,ar ARG,MF,Celta Vigo,28,1992,16,3,486,5.4,2,2,2,0,0,2,0,0.37,0.37,0.74,0.37,0.74,1.3,1.3,1.3,2.6,0.23,0.24,0.48,0.23,0.48,Matches
516,Roberto Soldado\9d66fbe3,es ESP,FW,Granada,35,1985,29,16,1438,16.0,9,0,7,2,2,8,1,0.56,0.00,0.56,0.44,0.44,5.8,4.4,0.7,5.0,0.36,0.04,0.40,0.28,0.32,Matches
517,Carlos Soler\fed17f5a,es ESP,MF,Valencia,23,1997,32,31,2735,30.4,11,8,4,7,9,7,0,0.36,0.26,0.63,0.13,0.39,9.5,2.7,4.6,7.3,0.31,0.15,0.47,0.09,0.24,Matches
518,Son\037dbd30,es ESP,DFMF,Levante,26,1994,28,10,1106,12.3,0,0,0,0,0,3,0,0.00,0.00,0.00,0.00,0.00,0.5,0.5,1.2,1.8,0.04,0.10,0.14,0.04,0.14,Matches
519,David Soria\8f8c6934,es ESP,GK,Getafe,27,1993,28,28,2520,28.0,0,0,0,0,0,2,0,0.00,0.00,0.00,0.00,0.00,0.0,0.0,0.1,0.1,0.00,0.00,0.00,0.00,0.00,Matches
520,Alberto Soro\452c3055,es ESP,FWMF,Granada,21,1999,15,3,393,4.4,1,2,1,0,0,1,0,0.23,0.46,0.69,0.23,0.69,0.8,0.8,0.4,1.1,0.18,0.08,0.26,0.18,0.26,Matches
521,Hugo Sotelo\3aa74860,es ESP,MF,Celta Vigo,16,2003,1,0,1,0.0,0,0,0,0,0,0,0,0.00,0.00,0.00,0.00,0.00,0.0,0.0,0.0,0.0,0.00,0.00,0.00,0.00,0.00,Matches
522,Damián Suárez\ba5004e1,uy URU,DF,Getafe,32,1988,31,28,2434,27.0,1,0,1,0,0,13,1,0.04,0.00,0.04,0.04,0.04,0.3,0.3,0.7,1.0,0.01,0.03,0.04,0.01,0.04,Matches
523,Denis Suárez\12c50af5,es ESP,MF,Celta Vigo,26,1994,35,34,2852,31.7,0,9,0,0,0,10,0,0.00,0.28,0.28,0.00,0.28,0.9,0.9,5.0,5.8,0.03,0.16,0.18,0.03,0.18,Matches
524,Luis Suárez\a6154613,uy URU,FW,Atlético Madrid,33,1987,32,30,2508,27.9,21,3,18,3,3,6,0,0.75,0.11,0.86,0.65,0.75,15.6,13.3,3.3,16.6,0.56,0.12,0.68,0.48,0.59,Matches
525,Suso\4e219ad2,es ESP,FW,Sevilla,26,1993,34,28,2210,24.6,3,4,3,0,0,2,0,0.12,0.16,0.29,0.12,0.29,2.1,2.1,4.5,6.6,0.09,0.18,0.27,0.09,0.27,Matches
526,Tachi\8b625720,es ESP,DF,Alavés,22,1997,12,8,850,9.4,0,0,0,0,0,5,1,0.00,0.00,0.00,0.00,0.00,0.2,0.2,0.1,0.4,0.02,0.02,0.04,0.02,0.04,Matches
527,Renato Tapia\34269bdf,pe PER,MF,Celta Vigo,25,1995,32,32,2701,30.0,0,1,0,0,0,11,0,0.00,0.03,0.03,0.00,0.03,0.9,0.9,0.9,1.8,0.03,0.03,0.06,0.03,0.06,Matches
528,Tomás Tavares\0dce3356,pt POR,MFDF,Alavés,19,2001,3,0,65,0.7,0,0,0,0,0,0,0,0.00,0.00,0.00,0.00,0.00,0.0,0.0,0.0,0.0,0.00,0.00,0.00,0.00,0.00,Matches
529,Álvaro Tejero\868ce848,es ESP,DF,Eibar,24,1996,2,1,110,1.2,0,0,0,0,0,1,0,0.00,0.00,0.00,0.00,0.00,0.0,0.0,0.2,0.2,0.03,0.16,0.18,0.03,0.18,Matches
530,Cristian Tello\72a99e38,es ESP,FWMF,Betis,28,1991,29,12,1283,14.3,5,3,5,0,0,2,1,0.35,0.21,0.56,0.35,0.56,2.3,2.3,2.7,5.0,0.16,0.19,0.35,0.16,0.35,Matches
531,Marc-André ter Stegen\6f51e382,de GER,GK,Barcelona,28,1992,31,31,2790,31.0,0,0,0,0,0,1,0,0.00,0.00,0.00,0.00,0.00,0.1,0.1,0.0,0.1,0.00,0.00,0.00,0.00,0.00,Matches
532,David Timor\174651c8,es ESP,MFDF,Getafe,30,1989,30,15,1395,15.5,0,0,0,0,0,5,1,0.00,0.00,0.00,0.00,0.00,0.5,0.5,0.9,1.4,0.03,0.06,0.09,0.03,0.09,Matches
533,Toño\d4ef9ac5,es ESP,DF,Levante,30,1989,12,9,726,8.1,0,2,0,0,0,2,0,0.00,0.25,0.25,0.00,0.25,0.0,0.0,0.4,0.4,0.01,0.05,0.06,0.01,0.06,Matches
534,Lucas Torreira\52611641,uy URU,MFFW,Atlético Madrid,24,1996,19,3,518,5.8,1,0,1,0,0,2,0,0.17,0.00,0.17,0.17,0.17,0.2,0.2,0.6,0.8,0.04,0.10,0.14,0.04,0.14,Matches
535,Óliver Torres\58a9a4d9,es ESP,MFFW,Sevilla,25,1994,33,15,1400,15.6,0,3,0,0,0,2,0,0.00,0.19,0.19,0.00,0.19,0.8,0.8,1.7,2.5,0.05,0.11,0.16,0.05,0.16,Matches
536,Pau Torres\532e1e4f,es ESP,DF,Villarreal,23,1997,33,33,2970,33.0,2,2,2,0,0,2,0,0.06,0.06,0.12,0.06,0.12,1.2,1.2,1.1,2.3,0.04,0.03,0.07,0.04,0.07,Matches
537,Roberto Torres\d733aa38,es ESP,MFFW,Osasuna,31,1989,35,19,1894,21.0,7,1,3,4,5,0,0,0.33,0.05,0.38,0.14,0.19,6.2,2.4,1.5,3.9,0.29,0.07,0.37,0.11,0.18,Matches
538,Lucas Torró\0e4fef6e,es ESP,MF,Osasuna,26,1994,25,17,1548,17.2,0,1,0,0,0,4,0,0.00,0.06,0.06,0.00,0.06,1.5,1.5,0.6,2.1,0.09,0.03,0.12,0.09,0.12,Matches
539,Manu Trigueros\963829d0,es ESP,MF,Villarreal,28,1991,35,30,2527,28.1,1,6,1,0,0,6,1,0.04,0.21,0.25,0.04,0.25,2.7,2.7,5.1,7.8,0.10,0.18,0.28,0.10,0.28,Matches
540,Francisco Trincão\77e39b04,pt POR,FWMF,Barcelona,20,1999,28,3,706,7.8,3,2,3,0,0,1,0,0.38,0.25,0.64,0.38,0.64,3.1,3.1,1.0,4.1,0.40,0.13,0.52,0.40,0.52,Matches
541,Kieran Trippier\21512407,eng ENG,DF,Atlético Madrid,29,1990,28,28,2475,27.5,0,6,0,0,0,0,0,0.00,0.22,0.22,0.00,0.22,0.1,0.1,3.6,3.7,0.00,0.13,0.14,0.00,0.14,Matches
542,Samuel Umtiti\3eed9821,fr FRA,DF,Barcelona,26,1993,13,6,645,7.2,0,0,0,0,0,1,0,0.00,0.00,0.00,0.00,0.00,0.1,0.1,0.0,0.1,0.02,0.00,0.02,0.02,0.02,Matches
543,Enes Ünal\f8eca1b6,tr TUR,FW,Getafe,23,1997,28,15,1318,14.6,4,2,3,1,1,4,0,0.27,0.14,0.41,0.20,0.34,4.1,3.3,1.1,4.4,0.28,0.08,0.35,0.22,0.30,Matches
544,Tomáš Vaclík\7b456af7,cz CZE,GK,Sevilla,31,1989,5,5,450,5.0,0,0,0,0,0,0,0,0.00,0.00,0.00,0.00,0.00,0.0,0.0,0.0,0.0,0.00,0.00,0.00,0.00,0.00,Matches
545,Eugeni Valderrama\a75b4071,es ESP,FWMF,Huesca,26,1994,3,1,115,1.3,0,0,0,0,0,0,0,0.00,0.00,0.00,0.00,0.00,0.0,0.0,0.1,0.1,0.00,0.06,0.06,0.00,0.06,Matches
546,Jesús Vallejo\c2111b45,es ESP,DF,Granada,23,1997,21,15,1348,15.0,0,0,0,0,0,2,1,0.00,0.00,0.00,0.00,0.00,0.1,0.1,0.0,0.1,0.01,0.00,0.01,0.01,0.01,Matches
547,Manu Vallejo\0bc4e720,es ESP,FWMF,Valencia,23,1997,30,9,950,10.6,5,0,5,0,0,2,0,0.47,0.00,0.47,0.47,0.47,4.5,4.5,0.3,4.9,0.43,0.03,0.46,0.43,0.46,Matches
548,Federico Valverde\0959c2a2,uy URU,MF,Real Madrid,22,1998,24,15,1330,14.8,3,1,3,0,0,0,0,0.20,0.07,0.27,0.20,0.27,2.0,2.0,3.2,5.2,0.13,0.22,0.35,0.13,0.35,Matches
549,Raphaël Varane\9f8e9423,fr FRA,DF,Real Madrid,27,1993,31,31,2715,30.2,2,0,2,0,0,2,0,0.07,0.00,0.07,0.07,0.07,2.1,2.1,0.1,2.2,0.07,0.00,0.07,0.07,0.07,Matches
550,Denis Vavro\08990838,sk SVK,DF,Huesca,24,1996,11,9,611,6.8,0,0,0,0,0,1,0,0.00,0.00,0.00,0.00,0.00,0.2,0.2,0.1,0.3,0.04,0.01,0.05,0.04,0.05,Matches
551,Franco Vázquez\467bae22,ar ARG,FWMF,Sevilla,31,1989,15,1,164,1.8,1,0,1,0,0,1,0,0.55,0.00,0.55,0.55,0.55,0.3,0.3,0.2,0.5,0.18,0.12,0.29,0.18,0.29,Matches
552,Kevin Vázquez\ee923664,es ESP,DF,Celta Vigo,27,1993,8,5,562,6.2,0,0,0,0,0,3,0,0.00,0.00,0.00,0.00,0.00,0.0,0.0,0.0,0.0,0.00,0.00,0.00,0.00,0.00,Matches
553,Lucas Vázquez\fd51b456,es ESP,DFFW,Real Madrid,29,1991,24,21,1848,20.5,2,5,2,0,0,3,0,0.10,0.24,0.34,0.10,0.34,2.2,2.2,4.3,6.5,0.11,0.21,0.32,0.11,0.32,Matches
554,Koke Vegas\bfb15d99,es ESP,GK,Levante,24,1995,1,1,90,1.0,0,0,0,0,0,1,0,0.00,0.00,0.00,0.00,0.00,0.0,0.0,0.0,0.0,0.00,0.00,0.00,0.00,0.00,Matches
555,Gabriel Veiga\35a6e5c7,es ESP,MFDF,Celta Vigo,18,2002,6,1,118,1.3,0,0,0,0,0,0,0,0.00,0.00,0.00,0.00,0.00,0.0,0.0,0.0,0.0,0.00,0.03,0.03,0.00,0.03,Matches
556,Unai Vencedor Paris\4112ace5,es ESP,MF,Athletic Club,19,2000,28,19,1701,18.9,0,0,0,0,0,6,0,0.00,0.00,0.00,0.00,0.00,0.5,0.5,0.2,0.7,0.02,0.01,0.04,0.02,0.04,Matches
557,Gonzalo Verdú\1c2c55fc,es ESP,DF,Elche,31,1988,33,33,2944,32.7,0,2,0,0,0,11,0,0.00,0.06,0.06,0.00,0.06,0.7,0.7,1.4,2.1,0.02,0.04,0.06,0.02,0.06,Matches
558,Mikel Vesga\b0fce72c,es ESP,MF,Athletic Club,27,1993,30,20,1722,19.1,0,1,0,0,0,7,0,0.00,0.05,0.05,0.00,0.05,1.6,1.6,1.0,2.7,0.08,0.05,0.14,0.08,0.14,Matches
559,Rúben Vezo\c67cd65c,pt POR,DF,Levante,26,1994,32,25,2316,25.7,1,0,1,0,0,7,0,0.04,0.00,0.04,0.04,0.04,0.3,0.3,0.2,0.5,0.01,0.01,0.02,0.01,0.02,Matches
560,Iñigo Vicente\afafac57,es ESP,FWMF,Athletic Club,22,1998,3,0,52,0.6,0,0,0,0,0,0,0,0.00,0.00,0.00,0.00,0.00,0.0,0.0,0.3,0.4,0.06,0.54,0.61,0.06,0.61,Matches
561,Fede Vico\f681a8ef,es ESP,MFFW,Granada,26,1994,20,9,767,8.5,0,0,0,0,0,1,0,0.00,0.00,0.00,0.00,0.00,0.5,0.5,1.2,1.7,0.06,0.14,0.20,0.06,0.20,Matches
562,Aleix Vidal\04965583,es ESP,DF,Sevilla,30,1989,12,5,595,6.6,0,1,0,0,0,2,0,0.00,0.15,0.15,0.00,0.15,0.0,0.0,1.0,1.0,0.00,0.15,0.15,0.00,0.15,Matches
563,Nacho Vidal\3a9c4b7b,es ESP,DF,Osasuna,25,1995,34,25,2348,26.1,0,0,0,0,0,10,0,0.00,0.00,0.00,0.00,0.00,0.5,0.5,1.7,2.2,0.02,0.07,0.08,0.02,0.08,Matches
564,Toni Villa\636eae97,es ESP,MFFW,Valladolid,25,1995,21,10,969,10.8,2,0,2,0,0,2,0,0.19,0.00,0.19,0.19,0.19,0.9,0.9,1.3,2.3,0.09,0.12,0.21,0.09,0.21,Matches
565,Asier Villalibre\57be54ec,es ESP,FW,Athletic Club,22,1997,35,16,1589,17.7,4,2,4,0,0,1,0,0.23,0.11,0.34,0.23,0.34,5.2,5.2,2.0,7.3,0.30,0.12,0.41,0.30,0.41,Matches
566,Iván Villar\cde52ef5,es ESP,GK,Celta Vigo,23,1997,21,19,1781,19.8,0,0,0,0,0,1,0,0.00,0.00,0.00,0.00,0.00,0.0,0.0,0.0,0.0,0.00,0.00,0.00,0.00,0.00,Matches
567,Vitolo\db750822,es ESP,MFFW,Atlético Madrid,30,1989,10,3,298,3.3,0,0,0,0,0,2,0,0.00,0.00,0.00,0.00,0.00,0.5,0.5,0.2,0.7,0.15,0.07,0.22,0.15,0.22,Matches
568,Šime Vrsaljko\46a8347f,hr CRO,DF,Atlético Madrid,28,1992,9,6,519,5.8,0,0,0,0,0,2,0,0.00,0.00,0.00,0.00,0.00,0.0,0.0,0.0,0.0,0.00,0.00,0.00,0.00,0.00,Matches
569,Nikola Vukčević\4442fbcd,me MNE,MF,Levante,28,1991,13,11,810,9.0,0,0,0,0,0,4,0,0.00,0.00,0.00,0.00,0.00,0.1,0.1,0.2,0.3,0.02,0.02,0.04,0.02,0.04,Matches
570,Daniel Wass\d83bbc54,dk DEN,MFDF,Valencia,31,1989,35,35,2979,33.1,4,1,3,1,1,8,0,0.12,0.03,0.15,0.09,0.12,3.2,2.4,2.4,4.8,0.10,0.07,0.17,0.07,0.14,Matches
571,Shon Weissman\379dc075,il ISR,FW,Valladolid,24,1996,32,24,2133,23.7,6,1,6,0,0,3,0,0.25,0.04,0.30,0.25,0.30,5.3,5.3,1.8,7.1,0.23,0.07,0.30,0.23,0.30,Matches
572,Iñaki Williams\6a99e0b1,es ESP,FW,Athletic Club,26,1994,38,27,2387,26.5,6,6,5,1,1,1,0,0.23,0.23,0.45,0.19,0.41,6.9,6.2,4.8,11.0,0.26,0.18,0.44,0.23,0.41,Matches
573,Nico Williams\afdc14d7,es ESP,MF,Athletic Club,18,2002,2,0,57,0.6,0,0,0,0,0,0,0,0.00,0.00,0.00,0.00,0.00,0.0,0.0,0.0,0.0,0.03,0.00,0.03,0.03,0.03,Matches
574,Jawad El Yamiq\f6f6b6e8,ma MAR,DF,Valladolid,28,1992,19,15,1379,15.3,0,1,0,0,0,6,0,0.00,0.07,0.07,0.00,0.07,0.4,0.4,0.0,0.4,0.02,0.00,0.03,0.02,0.03,Matches
575,Rubén Yáñez\039ae103,es ESP,GK,Getafe,26,1993,10,10,900,10.0,0,0,0,0,0,2,0,0.00,0.00,0.00,0.00,0.00,0.0,0.0,0.0,0.0,0.00,0.00,0.00,0.00,0.00,Matches
576,Yoel\61bb7498,es ESP,GK,Eibar,31,1988,4,3,300,3.3,0,0,0,0,0,0,0,0.00,0.00,0.00,0.00,0.00,0.0,0.0,0.0,0.0,0.00,0.00,0.00,0.00,0.00,Matches
577,Okay Yokuşlu\e49ce451,tr TUR,MF,Celta Vigo,26,1994,12,3,462,5.1,0,0,0,0,0,4,1,0.00,0.00,0.00,0.00,0.00,0.4,0.4,0.3,0.7,0.08,0.05,0.14,0.08,0.14,Matches
578,Joseba Zaldúa\5ca20b7a,es ESP,DF,Real Sociedad,28,1992,12,6,639,7.1,0,0,0,0,0,3,0,0.00,0.00,0.00,0.00,0.00,0.1,0.1,0.8,0.8,0.01,0.11,0.11,0.01,0.11,Matches
579,Oier Zarraga\968a1c2f,es ESP,MF,Athletic Club,21,1999,5,1,100,1.1,0,0,0,0,0,0,0,0.00,0.00,0.00,0.00,0.00,0.1,0.1,0.0,0.1,0.08,0.04,0.13,0.08,0.13,Matches
580,Igor Zubeldia\5c7845f6,es ESP,DF,Real Sociedad,23,1997,24,21,1959,21.8,1,1,1,0,0,5,0,0.05,0.05,0.09,0.05,0.09,1.0,1.0,0.7,1.8,0.05,0.03,0.08,0.05,0.08,Matches
581,Martín Zubimendi\3ee0dd59,es ESP,MF,Real Sociedad,21,1999,31,17,1882,20.9,0,0,0,0,0,6,0,0.00,0.00,0.00,0.00,0.00,0.6,0.6,0.6,1.1,0.03,0.03,0.05,0.03,0.05,Matches
582,Martin Ødegaard\79300479,no NOR,MFFW,Real Madrid,21,1998,7,3,234,2.6,0,0,0,0,0,0,0,0.00,0.00,0.00,0.00,0.00,0.1,0.1,0.4,0.5,0.04,0.15,0.19,0.04,0.19,Matches